ProductID,DC,Intake_Date,Intake
Item151,DC,2023-06-10,1
Item155,DC,2023-06-10,53
Item155,DC,2023-06-10,7
Item155,DC,2023-07-08,26
Item156,DC,2023-07-08,2
Item157,DC,2023-06-10,22
Item157,DC,2023-06-10,26
Item157,DC,2023-07-08,79
Item158,DC,2023-06-10,64
Item158,DC,2023-07-08,10
Item158,DC,2023-09-02,70
Item158,DC,2023-10-07,51
Item159,DC,2023-06-10,21
Item160,DC,2023-06-10,102
Item160,DC,2023-07-08,5
Item160,DC,2023-09-02,108
Item160,DC,2023-10-07,132
Item161,DC,2023-06-10,90
Item161,DC,2023-06-10,5
Item161,DC,2023-07-08,73
Item162,DC,2023-06-10,49
Item162,DC,2023-07-08,7
Item162,DC,2023-09-02,39
Item162,DC,2023-10-07,10
Item163,DC,2023-06-10,26
Item163,DC,2023-06-10,25
Item163,DC,2023-07-08,103
Item164,DC,2023-06-10,163
Item164,DC,2023-07-08,13
Item164,DC,2023-09-02,140
Item164,DC,2023-10-07,174
Item165,DC,2023-06-10,22
Item165,DC,2023-06-10,21
Item165,DC,2023-07-08,55
Item166,DC,2023-06-10,72
Item166,DC,2023-07-08,3
Item166,DC,2023-09-02,75
Item166,DC,2023-10-07,54
Item167,DC,2023-06-10,85
Item167,DC,2023-06-10,14
Item167,DC,2023-07-08,77
Item168,DC,2023-06-10,33
Item168,DC,2023-07-08,4
Item168,DC,2023-09-02,27
Item169,DC,2023-06-10,13
Item169,DC,2023-07-08,10
Item170,DC,2023-06-10,65
Item170,DC,2023-06-10,9
Item170,DC,2023-07-08,47
Item171,DC,2023-10-07,2
Item172,DC,2023-06-10,1
Item173,DC,2023-05-15,1
Item173,DC,2023-07-08,4
Item173,DC,2023-09-02,2
Item173,DC,2023-10-07,48
Item174,DC,2023-06-10,1
Item176,DC,2023-06-10,36
Item67,DC,2023-05-15,1
Item67,DC,2023-05-15,1
Item69,DC,2023-05-15,1
Item71,DC,2023-05-15,1
Item71,DC,2023-05-15,1
Item71,DC,2023-05-15,1
Item73,DC,2023-05-15,4
Item73,DC,2023-05-15,1
Item73,DC,2023-05-15,1
Item74,DC,2023-05-15,1
Item75,DC,2023-05-15,2
Item77,DC,2023-05-15,1
Item79,DC,2023-05-15,2
Item79,DC,2023-05-15,1
Item91,DC,2023-06-10,1
Item92,DC,2023-06-10,95
Item94,DC,2023-06-10,18
Item95,DC,2023-06-10,25
Item96,DC,2023-05-15,1
Item97,DC,2023-06-10,139
Item99,DC,2023-05-15,1
Item100,DC,2023-06-10,133
Item101,DC,2023-06-10,13
Item102,DC,2023-05-15,1
Item102,DC,2023-05-15,1
Item102,DC,2023-05-15,1
Item103,DC,2023-06-10,138
Item730,DC,2023-07-29,61
Item730,DC,2023-08-12,52
Item730,DC,2023-09-09,48
Item730,DC,2023-11-11,50
Item731,DC,2023-10-07,64
Item732,DC,2023-07-29,39
Item732,DC,2023-08-12,17
Item732,DC,2023-09-09,15
Item732,DC,2023-11-11,14
Item733,DC,2023-10-07,53
Item734,DC,2023-07-29,59
Item734,DC,2023-08-12,52
Item734,DC,2023-09-09,51
Item734,DC,2023-11-11,57
Item735,DC,2023-10-07,12
Item736,DC,2023-07-29,51
Item736,DC,2023-08-12,32
Item736,DC,2023-09-09,32
Item736,DC,2023-11-11,27
Item737,DC,2023-10-07,50
Item738,DC,2023-07-29,40
Item738,DC,2023-08-12,16
Item738,DC,2023-09-09,18
Item738,DC,2023-11-11,13
Item739,DC,2023-10-07,10
Item740,DC,2023-10-07,16
Item741,DC,2023-07-29,35
Item741,DC,2023-11-11,8
Item742,DC,2023-10-07,6
Item743,DC,2023-07-29,36
Item743,DC,2023-08-12,10
Item743,DC,2023-09-09,14
Item743,DC,2023-11-11,11
Item744,DC,2023-10-07,7
Item745,DC,2023-08-12,4
Item745,DC,2023-09-09,5
Item745,DC,2023-11-11,6
Item746,DC,2023-10-07,6
Item747,DC,2023-08-12,3
Item747,DC,2023-09-09,4
Item747,DC,2023-11-11,5
Item748,DC,2023-10-07,6
Item749,DC,2023-08-12,1
Item749,DC,2023-09-09,2
Item749,DC,2023-11-11,3
Item750,DC,2023-10-07,1
Item751,DC,2023-09-09,2
Item751,DC,2023-10-07,1
Item751,DC,2023-11-11,3
Item752,DC,2023-08-12,1
Item753,DC,2023-09-09,1
Item753,DC,2023-10-07,1
Item753,DC,2023-11-11,1
Item754,DC,2023-07-29,37
Item754,DC,2023-08-12,7
Item755,DC,2023-09-09,8
Item755,DC,2023-11-11,12
Item756,DC,2023-08-12,5
Item757,DC,2023-09-09,32
Item757,DC,2023-10-07,35
Item757,DC,2023-11-11,29
Item758,DC,2023-07-29,48
Item758,DC,2023-08-12,31
Item759,DC,2023-09-09,6
Item759,DC,2023-11-11,8
Item760,DC,2023-07-29,61
Item760,DC,2023-08-12,52
Item761,DC,2023-09-09,55
Item761,DC,2023-10-07,67
Item761,DC,2023-11-11,57
Item762,DC,2023-07-29,39
Item762,DC,2023-08-12,17
Item763,DC,2023-09-09,46
Item841,DC,2023-09-16,3
Item841,DC,2023-09-30,1
Item841,DC,2023-10-07,2
Item841,DC,2023-10-21,5
Item841,DC,2023-11-04,5
Item841,DC,2023-11-25,2
Item844,DC,2023-08-19,3
Item845,DC,2023-09-02,67
Item845,DC,2023-09-16,59
Item852,DC,2023-11-04,12
Item852,DC,2023-11-25,4
Item853,DC,2023-08-19,6
Item854,DC,2023-09-02,216
Item854,DC,2023-09-16,214
Item854,DC,2023-09-30,107
Item854,DC,2023-10-07,216
Item854,DC,2023-10-21,238
Item854,DC,2023-11-04,162
Item854,DC,2023-11-25,108
Item856,DC,2023-09-02,8
Item856,DC,2023-09-16,9
Item856,DC,2023-09-30,5
Item856,DC,2023-10-07,8
Item856,DC,2023-10-21,15
Item856,DC,2023-11-04,9
Item856,DC,2023-11-25,5
Item857,DC,2023-08-19,436
Item858,DC,2023-09-02,4
Item858,DC,2023-09-16,5
Item858,DC,2023-09-30,2
Item858,DC,2023-10-07,6
Item858,DC,2023-10-21,10
Item858,DC,2023-11-04,7
Item858,DC,2023-11-25,3
Item859,DC,2023-08-19,3
Item860,DC,2023-08-19,346
Item863,DC,2023-09-02,4
Item863,DC,2023-09-16,5
Item863,DC,2023-09-30,3
Item863,DC,2023-10-07,4
Item863,DC,2023-10-21,11
Item863,DC,2023-11-04,8
Item863,DC,2023-11-25,3
Item865,DC,2023-09-16,1
Item865,DC,2023-10-07,1
Item865,DC,2023-10-21,1
Item763,DC,2023-10-07,53
Item845,DC,2023-09-30,30
Item845,DC,2023-10-07,54
Item845,DC,2023-10-21,1
Item845,DC,2023-11-04,46
Item845,DC,2023-11-25,30
Item847,DC,2023-09-02,10
Item847,DC,2023-09-16,12
Item847,DC,2023-09-30,6
Item847,DC,2023-10-07,12
Item847,DC,2023-10-21,18
Item847,DC,2023-11-04,14
Item847,DC,2023-11-25,6
Item848,DC,2023-08-19,343
Item849,DC,2023-09-02,5
Item849,DC,2023-09-16,5
Item849,DC,2023-09-30,3
Item849,DC,2023-10-07,4
Item849,DC,2023-10-21,8
Item849,DC,2023-11-04,5
Item849,DC,2023-11-25,2
Item850,DC,2023-08-19,6
Item851,DC,2023-09-02,194
Item851,DC,2023-09-16,195
Item851,DC,2023-09-30,99
Item851,DC,2023-10-07,196
Item851,DC,2023-10-21,211
Item851,DC,2023-11-04,144
Item851,DC,2023-11-25,97
Item853,DC,2023-09-02,12
Item853,DC,2023-09-16,14
Item853,DC,2023-09-30,7
Item853,DC,2023-10-07,15
Item853,DC,2023-10-21,23
Item853,DC,2023-11-04,16
Item853,DC,2023-11-25,7
Item854,DC,2023-08-19,508
Item855,DC,2023-09-02,7
Item855,DC,2023-09-16,9
Item855,DC,2023-09-30,5
Item855,DC,2023-10-07,9
Item855,DC,2023-10-21,12
Item855,DC,2023-11-04,9
Item855,DC,2023-11-25,4
Item856,DC,2023-08-19,3
Item857,DC,2023-09-02,173
Item857,DC,2023-09-16,174
Item857,DC,2023-09-30,87
Item857,DC,2023-10-07,175
Item857,DC,2023-10-21,177
Item857,DC,2023-11-04,130
Item857,DC,2023-11-25,87
Item859,DC,2023-09-02,5
Item859,DC,2023-09-16,8
Item859,DC,2023-09-30,3
Item859,DC,2023-10-07,7
Item859,DC,2023-10-21,10
Item859,DC,2023-11-04,7
Item859,DC,2023-11-25,2
Item860,DC,2023-09-02,122
Item860,DC,2023-09-16,117
Item860,DC,2023-09-30,59
Item860,DC,2023-10-07,119
Item860,DC,2023-10-21,84
Item860,DC,2023-11-04,90
Item860,DC,2023-11-25,59
Item862,DC,2023-09-02,2
Item862,DC,2023-09-16,5
Item862,DC,2023-09-30,2
Item862,DC,2023-10-07,4
Item862,DC,2023-10-21,5
Item862,DC,2023-11-04,5
Item862,DC,2023-11-25,2
Item863,DC,2023-08-19,3
Item866,DC,2023-09-02,6
Item866,DC,2023-09-16,4
Item866,DC,2023-09-30,3
Item866,DC,2023-10-07,5
Item866,DC,2023-10-21,7
Item866,DC,2023-11-04,6
Item866,DC,2023-11-25,3
Item865,DC,2023-11-04,1
Item866,DC,2023-08-19,2
Item869,DC,2023-09-02,5
Item869,DC,2023-09-16,4
Item869,DC,2023-09-30,2
Item869,DC,2023-10-07,6
Item869,DC,2023-10-21,8
Item869,DC,2023-11-04,4
Item869,DC,2023-11-25,2
Item871,DC,2023-10-21,2
Item871,DC,2023-11-04,6
Item872,DC,2023-09-02,2
Item872,DC,2023-09-16,2
Item872,DC,2023-09-30,2
Item872,DC,2023-10-07,1
Item872,DC,2023-11-11,2
Item874,DC,2023-09-02,6
Item874,DC,2023-09-16,6
Item874,DC,2023-09-30,4
Item874,DC,2023-10-07,5
Item874,DC,2023-11-11,4
Item875,DC,2023-11-04,11
Item877,DC,2023-10-21,6
Item877,DC,2023-11-04,19
Item878,DC,2023-08-19,347
Item868,DC,2023-09-16,1
Item868,DC,2023-10-07,1
Item868,DC,2023-10-21,1
Item869,DC,2023-08-19,2
Item878,DC,2023-09-02,74
Item878,DC,2023-09-16,88
Item878,DC,2023-09-30,61
Item878,DC,2023-10-07,66
Item878,DC,2023-11-11,74
Item879,DC,2023-10-21,1
Item879,DC,2023-11-04,7
Item880,DC,2023-09-02,8
Item880,DC,2023-09-16,10
Item880,DC,2023-09-30,6
Item880,DC,2023-10-07,7
Item880,DC,2023-11-11,8
Item881,DC,2023-10-21,110
Item881,DC,2023-11-04,90
Item882,DC,2023-09-02,6
Item882,DC,2023-09-16,5
Item882,DC,2023-09-30,3
Item882,DC,2023-10-07,4
Item882,DC,2023-11-11,6
Item883,DC,2023-10-21,8
Item883,DC,2023-11-04,20
Item884,DC,2023-08-19,501
Item884,DC,2023-09-02,129
Item884,DC,2023-09-16,150
Item884,DC,2023-09-30,108
Item884,DC,2023-10-07,112
Item884,DC,2023-11-11,130
Item885,DC,2023-10-21,3
Item885,DC,2023-11-04,12
Item886,DC,2023-09-02,5
Item886,DC,2023-09-16,7
Item886,DC,2023-09-30,5
Item886,DC,2023-10-07,4
Item886,DC,2023-11-11,5
Item887,DC,2023-10-21,98
Item887,DC,2023-11-04,64
Item888,DC,2023-09-02,4
Item888,DC,2023-09-16,2
Item888,DC,2023-09-30,1
Item888,DC,2023-10-07,4
Item888,DC,2023-11-11,3
Item889,DC,2023-10-21,4
Item889,DC,2023-11-04,8
Item890,DC,2023-10-21,52
Item890,DC,2023-11-04,25
Item892,DC,2023-10-21,2
Item892,DC,2023-11-04,6
Item893,DC,2023-09-02,4
Item893,DC,2023-09-16,2
Item436,DC,2023-05-13,1
Item961,DC,2023-07-29,1
Item961,DC,2023-08-05,3
Item961,DC,2023-08-05,6
Item963,DC,2023-07-29,1
Item963,DC,2023-08-05,1
Item963,DC,2023-08-05,1
Item964,DC,2023-07-29,16
Item964,DC,2023-09-02,10
Item964,DC,2023-09-09,26
Item964,DC,2023-10-07,31
Item965,DC,2023-07-01,36
Item965,DC,2023-07-29,16
Item965,DC,2023-08-05,12
Item965,DC,2023-08-05,10
Item966,DC,2023-10-07,1
Item967,DC,2023-07-01,77
Item967,DC,2023-07-29,44
Item967,DC,2023-08-05,39
Item967,DC,2023-08-05,28
Item968,DC,2023-07-29,43
Item968,DC,2023-09-02,87
Item968,DC,2023-09-09,66
Item968,DC,2023-10-07,31
Item969,DC,2023-07-01,68
Item969,DC,2023-07-29,3
Item969,DC,2023-08-05,8
Item970,DC,2023-07-29,80
Item970,DC,2023-09-02,51
Item970,DC,2023-09-09,126
Item970,DC,2023-10-07,139
Item971,DC,2023-07-01,96
Item971,DC,2023-07-29,48
Item971,DC,2023-08-05,67
Item106,DC,2023-06-10,104
Item107,DC,2023-06-10,4
Item108,DC,2023-05-15,1
Item109,DC,2023-06-10,40
Item110,DC,2023-06-10,41
Item111,DC,2023-05-15,1
Item113,DC,2023-06-10,89
Item116,DC,2023-06-10,75
Item119,DC,2023-06-10,109
Item120,DC,2023-05-15,1
Item122,DC,2023-06-10,11
Item124,DC,2023-06-10,12
Item124,DC,2023-09-30,29
Item124,DC,2023-10-21,27
Item125,DC,2023-09-02,57
Item126,DC,2023-06-10,2
Item127,DC,2023-09-02,5
Item127,DC,2023-09-02,55
Item128,DC,2023-05-15,1
Item128,DC,2023-06-10,47
Item128,DC,2023-09-30,62
Item128,DC,2023-10-21,59
Item129,DC,2023-09-02,17
Item129,DC,2023-09-02,9
Item130,DC,2023-06-10,119
Item130,DC,2023-09-30,123
Item130,DC,2023-10-21,116
Item131,DC,2023-05-13,1
Item131,DC,2023-09-02,83
Item131,DC,2023-09-02,92
Item132,DC,2023-06-10,47
Item132,DC,2023-09-30,16
Item132,DC,2023-10-21,35
Item133,DC,2023-09-02,5
Item133,DC,2023-09-02,104
Item134,DC,2023-05-15,1
Item134,DC,2023-06-10,83
Item134,DC,2023-09-30,109
Item134,DC,2023-10-21,101
Item135,DC,2023-09-02,17
Item135,DC,2023-09-02,32
Item136,DC,2023-06-10,85
Item136,DC,2023-09-30,80
Item136,DC,2023-10-21,74
Item137,DC,2023-09-02,78
Item137,DC,2023-09-02,2
Item138,DC,2023-06-10,24
Item138,DC,2023-09-30,32
Item138,DC,2023-10-21,32
Item139,DC,2023-09-02,2
Item139,DC,2023-09-02,32
Item140,DC,2023-05-13,10
Item140,DC,2023-09-02,62
Item141,DC,2023-06-10,19
Item141,DC,2023-09-30,1
Item141,DC,2023-10-21,17
Item142,DC,2023-09-02,1
Item143,DC,2023-05-15,1
Item143,DC,2023-06-10,24
Item143,DC,2023-09-30,29
Item143,DC,2023-10-21,27
Item144,DC,2023-09-02,3
Item145,DC,2023-09-30,4
Item145,DC,2023-10-21,3
Item146,DC,2023-09-02,30
Item149,DC,2023-06-10,15
Item149,DC,2023-09-30,4
Item149,DC,2023-10-21,3
Item150,DC,2023-09-02,2
Item413,DC,2023-05-13,1
Item371,DC,2023-05-13,14
Item791,DC,2023-08-19,528
Item791,DC,2023-09-02,194
Item791,DC,2023-09-16,193
Item791,DC,2023-09-30,193
Item791,DC,2023-11-04,215
Item791,DC,2023-11-18,177
Item792,DC,2023-10-07,15
Item792,DC,2023-10-21,8
Item792,DC,2023-12-02,9
Item793,DC,2023-08-19,11
Item793,DC,2023-09-02,12
Item793,DC,2023-09-16,13
Item793,DC,2023-09-30,13
Item793,DC,2023-11-04,16
Item793,DC,2023-11-18,21
Item794,DC,2023-10-07,324
Item794,DC,2023-10-21,217
Item794,DC,2023-12-02,215
Item795,DC,2023-09-02,8
Item795,DC,2023-09-16,7
Item795,DC,2023-09-30,9
Item795,DC,2023-11-04,13
Item795,DC,2023-11-18,14
Item796,DC,2023-10-07,12
Item796,DC,2023-10-21,10
Item796,DC,2023-12-02,9
Item797,DC,2023-08-19,502
Item797,DC,2023-09-02,175
Item797,DC,2023-09-16,175
Item797,DC,2023-09-30,175
Item797,DC,2023-11-04,181
Item797,DC,2023-11-18,158
Item798,DC,2023-10-07,8
Item798,DC,2023-10-21,4
Item798,DC,2023-12-02,5
Item799,DC,2023-08-19,5
Item799,DC,2023-09-02,4
Item799,DC,2023-09-16,6
Item799,DC,2023-09-30,5
Item799,DC,2023-11-04,9
Item799,DC,2023-11-18,9
Item800,DC,2023-08-19,390
Item800,DC,2023-09-02,123
Item800,DC,2023-09-16,119
Item800,DC,2023-09-30,119
Item800,DC,2023-11-04,92
Item800,DC,2023-11-18,109
Item802,DC,2023-08-19,3
Item802,DC,2023-09-02,3
Item802,DC,2023-09-16,3
Item802,DC,2023-09-30,4
Item802,DC,2023-11-04,7
Item802,DC,2023-11-18,8
Item803,DC,2023-10-07,10
Item803,DC,2023-10-21,8
Item803,DC,2023-12-02,6
Item805,DC,2023-10-21,1
Item805,DC,2023-12-02,1
Item806,DC,2023-08-19,4
Item806,DC,2023-09-02,5
Item806,DC,2023-09-16,8
Item806,DC,2023-09-30,6
Item806,DC,2023-11-04,8
Item806,DC,2023-11-18,10
Item808,DC,2023-09-16,1
Item808,DC,2023-11-04,1
Item809,DC,2023-10-07,5
Item809,DC,2023-10-21,4
Item809,DC,2023-12-02,3
Item811,DC,2023-10-28,7
Item811,DC,2023-11-18,2
Item812,DC,2023-09-09,3
Item812,DC,2023-09-23,2
Item812,DC,2023-10-07,3
Item814,DC,2023-09-09,7
Item814,DC,2023-09-23,7
Item814,DC,2023-10-07,7
Item815,DC,2023-08-19,268
Item815,DC,2023-10-28,24
Item815,DC,2023-11-18,36
Item817,DC,2023-08-19,4
Item817,DC,2023-10-28,26
Item817,DC,2023-11-18,7
Item818,DC,2023-09-09,124
Item818,DC,2023-09-23,121
Item818,DC,2023-10-07,129
Item819,DC,2023-08-19,2
Item819,DC,2023-10-28,10
Item819,DC,2023-11-18,3
Item820,DC,2023-09-09,13
Item820,DC,2023-09-23,13
Item820,DC,2023-10-07,15
Item821,DC,2023-08-19,549
Item821,DC,2023-10-28,192
Item821,DC,2023-11-18,116
Item822,DC,2023-09-09,9
Item822,DC,2023-09-23,10
Item822,DC,2023-10-07,9
Item823,DC,2023-08-19,4
Item823,DC,2023-10-28,26
Item823,DC,2023-11-18,8
Item824,DC,2023-09-09,216
Item824,DC,2023-09-23,218
Item824,DC,2023-10-07,223
Item825,DC,2023-08-19,2
Item825,DC,2023-10-28,18
Item825,DC,2023-11-18,5
Item826,DC,2023-09-09,9
Item826,DC,2023-09-23,8
Item826,DC,2023-10-07,9
Item730,DC,2023-10-07,55
Item731,DC,2023-07-29,58
Item731,DC,2023-08-12,51
Item731,DC,2023-09-09,56
Item731,DC,2023-11-11,56
Item732,DC,2023-10-07,11
Item733,DC,2023-07-29,58
Item733,DC,2023-08-12,46
Item733,DC,2023-09-09,46
Item733,DC,2023-11-11,47
Item734,DC,2023-10-07,62
Item735,DC,2023-07-29,43
Item735,DC,2023-08-12,20
Item735,DC,2023-09-09,21
Item735,DC,2023-11-11,16
Item736,DC,2023-10-07,31
Item737,DC,2023-07-29,47
Item737,DC,2023-08-12,33
Item737,DC,2023-09-09,38
Item737,DC,2023-11-11,35
Item738,DC,2023-10-07,13
Item739,DC,2023-07-29,40
Item739,DC,2023-08-12,16
Item739,DC,2023-09-09,18
Item739,DC,2023-11-11,14
Item740,DC,2023-07-29,43
Item740,DC,2023-08-12,23
Item740,DC,2023-09-09,21
Item740,DC,2023-11-11,18
Item742,DC,2023-08-12,4
Item742,DC,2023-09-09,5
Item742,DC,2023-11-11,7
Item743,DC,2023-10-07,3
Item744,DC,2023-08-12,4
Item744,DC,2023-09-09,5
Item744,DC,2023-11-11,6
Item745,DC,2023-10-07,6
Item746,DC,2023-08-12,5
Item746,DC,2023-09-09,5
Item746,DC,2023-11-11,7
Item747,DC,2023-10-07,4
Item748,DC,2023-08-12,1
Item748,DC,2023-09-09,3
Item748,DC,2023-11-11,6
Item749,DC,2023-10-07,5
Item750,DC,2023-08-12,3
Item750,DC,2023-09-09,2
Item750,DC,2023-11-11,3
Item751,DC,2023-08-12,1
Item752,DC,2023-09-09,1
Item752,DC,2023-10-07,2
Item752,DC,2023-11-11,1
Item753,DC,2023-08-12,1
Item754,DC,2023-09-09,8
Item754,DC,2023-11-11,10
Item755,DC,2023-07-29,39
Item755,DC,2023-08-12,16
Item756,DC,2023-09-09,2
Item756,DC,2023-10-07,1
Item756,DC,2023-11-11,2
Item757,DC,2023-07-29,50
Item757,DC,2023-08-12,33
Item758,DC,2023-09-09,31
Item758,DC,2023-10-07,34
Item758,DC,2023-11-11,26
Item759,DC,2023-07-29,36
Item759,DC,2023-08-12,12
Item760,DC,2023-09-09,48
Item760,DC,2023-10-07,54
Item760,DC,2023-11-11,50
Item761,DC,2023-07-29,59
Item761,DC,2023-08-12,51
Item762,DC,2023-09-09,15
Item662,DC,2023-05-13,1
Item665,DC,2023-05-13,1
Item667,DC,2023-05-13,6
Item671,DC,2023-05-13,8
Item673,DC,2023-05-13,4
Item676,DC,2023-05-13,2
Item677,DC,2023-05-13,11
Item680,DC,2023-05-13,2
Item680,DC,2023-05-13,18
Item686,DC,2023-05-13,1
Item971,DC,2023-08-05,58
Item972,DC,2023-07-29,19
Item972,DC,2023-09-02,60
Item972,DC,2023-09-09,14
Item972,DC,2023-10-07,16
Item973,DC,2023-07-01,92
Item973,DC,2023-07-29,51
Item973,DC,2023-08-05,62
Item973,DC,2023-08-05,52
Item974,DC,2023-07-29,79
Item974,DC,2023-09-02,49
Item974,DC,2023-09-09,125
Item974,DC,2023-10-07,139
Item975,DC,2023-07-01,72
Item975,DC,2023-07-29,16
Item975,DC,2023-08-05,5
Item975,DC,2023-08-05,14
Item976,DC,2023-07-29,52
Item976,DC,2023-09-02,93
Item976,DC,2023-09-09,83
Item976,DC,2023-10-07,47
Item977,DC,2023-07-01,86
Item977,DC,2023-07-29,35
Item977,DC,2023-08-05,43
Item977,DC,2023-08-05,30
Item978,DC,2023-07-29,4
Item978,DC,2023-09-02,74
Item978,DC,2023-10-07,14
Item979,DC,2023-07-01,39
Item979,DC,2023-07-29,19
Item979,DC,2023-08-05,13
Item979,DC,2023-08-05,14
Item980,DC,2023-07-01,75
Item980,DC,2023-07-29,20
Item980,DC,2023-08-05,8
Item980,DC,2023-08-05,17
Item981,DC,2023-07-29,3
Item981,DC,2023-09-02,25
Item981,DC,2023-09-09,16
Item981,DC,2023-10-07,10
Item982,DC,2023-07-29,3
Item982,DC,2023-08-05,2
Item982,DC,2023-08-05,9
Item983,DC,2023-07-29,19
Item983,DC,2023-09-02,12
Item983,DC,2023-09-09,35
Item983,DC,2023-10-07,34
Item984,DC,2023-07-29,4
Item984,DC,2023-08-05,6
Item984,DC,2023-08-05,7
Item985,DC,2023-07-29,2
Item985,DC,2023-09-02,1
Item985,DC,2023-10-07,7
Item986,DC,2023-07-01,5
Item986,DC,2023-08-05,3
Item986,DC,2023-08-05,9
Item987,DC,2023-07-29,2
Item987,DC,2023-09-02,2
Item987,DC,2023-09-09,1
Item987,DC,2023-10-07,11
Item988,DC,2023-07-29,3
Item988,DC,2023-08-05,3
Item988,DC,2023-08-05,2
Item989,DC,2023-07-29,2
Item989,DC,2023-09-02,1
Item989,DC,2023-10-07,1
Item990,DC,2023-07-29,3
Item990,DC,2023-08-05,1
Item990,DC,2023-08-05,2
Item991,DC,2023-09-16,2
Item991,DC,2023-10-28,1
Item992,DC,2023-08-05,1
Item992,DC,2023-08-19,1
Item993,DC,2023-09-16,2
Item994,DC,2023-07-01,21
Item994,DC,2023-07-29,23
Item994,DC,2023-08-05,23
Item994,DC,2023-08-19,24
Item994,DC,2023-10-14,11
Item919,DC,2023-09-02,38
Item920,DC,2023-07-01,84
Item920,DC,2023-08-12,22
Item920,DC,2023-09-02,42
Item921,DC,2023-07-01,17
Item921,DC,2023-07-22,7
Item921,DC,2023-09-23,8
Item921,DC,2023-10-07,18
Item921,DC,2023-10-28,10
Item921,DC,2023-11-11,12
Item922,DC,2023-08-12,3
Item922,DC,2023-09-02,2
Item923,DC,2023-07-01,19
Item923,DC,2023-07-22,13
Item923,DC,2023-09-23,14
Item923,DC,2023-10-07,31
Item923,DC,2023-10-28,25
Item923,DC,2023-11-11,20
Item924,DC,2023-08-12,1
Item924,DC,2023-09-02,3
Item925,DC,2023-07-22,2
Item925,DC,2023-09-23,2
Item925,DC,2023-10-28,8
Item925,DC,2023-11-11,2
Item926,DC,2023-07-01,3
Item927,DC,2023-07-22,2
Item927,DC,2023-09-23,1
Item927,DC,2023-10-28,8
Item927,DC,2023-11-11,2
Item928,DC,2023-08-12,2
Item929,DC,2023-07-01,2
Item929,DC,2023-10-07,1
Item929,DC,2023-10-28,1
Item929,DC,2023-11-11,1
Item892,DC,2023-11-11,2
Item893,DC,2023-10-21,5
Item893,DC,2023-11-04,11
Item895,DC,2023-11-04,1
Item896,DC,2023-09-02,3
Item896,DC,2023-09-16,5
Item896,DC,2023-09-30,3
Item896,DC,2023-10-07,3
Item896,DC,2023-11-11,4
Item841,DC,2023-09-02,2
Item721,DC,2023-10-07,2
Item722,DC,2023-08-12,1
Item722,DC,2023-09-09,1
Item722,DC,2023-11-11,2
Item723,DC,2023-10-07,2
Item724,DC,2023-07-29,36
Item724,DC,2023-08-12,9
Item724,DC,2023-09-09,7
Item724,DC,2023-11-11,10
Item726,DC,2023-07-29,1
Item726,DC,2023-08-12,4
Item726,DC,2023-09-09,2
Item726,DC,2023-11-11,2
Item727,DC,2023-10-07,38
Item728,DC,2023-07-29,47
Item728,DC,2023-08-12,33
Item728,DC,2023-09-09,30
Item728,DC,2023-11-11,28
Item781,DC,2023-08-19,2
Item781,DC,2023-09-02,3
Item781,DC,2023-09-16,4
Item781,DC,2023-09-30,2
Item781,DC,2023-11-04,3
Item781,DC,2023-11-18,6
Item782,DC,2023-10-07,5
Item782,DC,2023-10-21,4
Item782,DC,2023-12-02,2
Item784,DC,2023-10-07,10
Item784,DC,2023-10-21,5
Item784,DC,2023-12-02,8
Item785,DC,2023-08-19,248
Item785,DC,2023-09-02,65
Item785,DC,2023-09-16,60
Item785,DC,2023-09-30,60
Item785,DC,2023-11-04,5
Item785,DC,2023-11-18,55
Item787,DC,2023-08-19,8
Item787,DC,2023-09-02,10
Item787,DC,2023-09-16,12
Item787,DC,2023-09-30,12
Item787,DC,2023-11-04,16
Item787,DC,2023-11-18,20
Item788,DC,2023-10-07,184
Item788,DC,2023-10-21,125
Item788,DC,2023-12-02,125
Item789,DC,2023-09-02,6
Item789,DC,2023-09-16,5
Item789,DC,2023-09-30,5
Item789,DC,2023-11-04,5
Item789,DC,2023-11-18,7
Item790,DC,2023-10-07,20
Item790,DC,2023-10-21,16
Item790,DC,2023-12-02,13
Item839,DC,2023-11-18,2
Item707,DC,2023-05-13,1
Item713,DC,2023-05-13,1
Item571,DC,2023-06-03,1
Item571,DC,2023-06-24,1
Item572,DC,2023-05-19,4
Item574,DC,2023-05-19,13
Item575,DC,2023-06-03,37
Item575,DC,2023-06-24,87
Item577,DC,2023-06-03,13
Item577,DC,2023-05-15,1
Item577,DC,2023-05-15,1
Item577,DC,2023-05-15,1
Item577,DC,2023-06-24,62
Item578,DC,2023-05-19,87
Item579,DC,2023-06-03,9
Item579,DC,2023-06-24,28
Item580,DC,2023-05-19,25
Item580,DC,2023-05-15,1
Item580,DC,2023-05-15,1
Item581,DC,2023-06-03,160
Item581,DC,2023-05-15,1
Item581,DC,2023-06-24,196
Item601,DC,2023-06-03,3
Item604,DC,2023-06-17,2
Item605,DC,2023-06-03,9
Item529,DC,2023-05-15,1
Item530,DC,2023-06-03,73
Item531,DC,2023-05-15,1
Item531,DC,2023-06-03,15
Item533,DC,2023-05-15,1
Item533,DC,2023-06-03,19
Item534,DC,2023-05-15,1
Item535,DC,2023-06-03,2
Item537,DC,2023-06-03,2
Item538,DC,2023-05-15,1
Item539,DC,2023-06-03,2
Item571,DC,2023-05-19,2
Item572,DC,2023-06-03,4
Item572,DC,2023-06-24,3
Item574,DC,2023-06-03,8
Item574,DC,2023-06-24,27
Item575,DC,2023-05-19,38
Item577,DC,2023-05-19,12
Item578,DC,2023-06-03,87
Item578,DC,2023-06-24,129
Item579,DC,2023-05-19,9
Item580,DC,2023-06-03,24
Item580,DC,2023-05-15,1
Item580,DC,2023-06-24,64
Item581,DC,2023-05-19,167
Item582,DC,2023-06-03,5
Item582,DC,2023-05-15,1
Item582,DC,2023-05-15,1
Item582,DC,2023-06-24,40
Item583,DC,2023-05-19,25
Item583,DC,2023-05-15,1
Item583,DC,2023-05-15,1
Item583,DC,2023-05-15,1
Item543,DC,2023-05-15,1
Item545,DC,2023-05-15,2
Item547,DC,2023-05-15,1
Item549,DC,2023-05-15,1
Item551,DC,2023-05-15,1
Item553,DC,2023-05-15,1
Item564,DC,2023-05-15,1
Item901,DC,2023-09-02,3
Item902,DC,2023-07-01,3
Item902,DC,2023-11-11,1
Item903,DC,2023-08-12,1
Item904,DC,2023-07-01,20
Item904,DC,2023-07-22,10
Item904,DC,2023-09-23,10
Item904,DC,2023-10-07,22
Item904,DC,2023-10-28,19
Item904,DC,2023-11-11,16
Item905,DC,2023-07-01,56
Item905,DC,2023-08-12,14
Item905,DC,2023-09-02,31
Item906,DC,2023-07-01,6
Item906,DC,2023-11-11,1
Item907,DC,2023-07-01,85
Item907,DC,2023-08-12,35
Item907,DC,2023-09-02,75
Item908,DC,2023-07-01,95
Item908,DC,2023-07-22,26
Item908,DC,2023-09-23,33
Item908,DC,2023-10-07,63
Item908,DC,2023-10-28,4
Item908,DC,2023-11-11,42
Item909,DC,2023-07-01,55
Item909,DC,2023-08-12,9
Item909,DC,2023-09-02,3
Item910,DC,2023-07-01,111
Item910,DC,2023-07-22,51
Item910,DC,2023-09-23,59
Item910,DC,2023-10-07,127
Item910,DC,2023-10-28,79
Item910,DC,2023-11-11,75
Item911,DC,2023-07-01,99
Item911,DC,2023-08-12,49
Item911,DC,2023-09-02,101
Item912,DC,2023-07-01,63
Item912,DC,2023-07-22,13
Item912,DC,2023-09-23,16
Item912,DC,2023-10-07,11
Item912,DC,2023-10-28,3
Item912,DC,2023-11-11,22
Item913,DC,2023-07-01,94
Item913,DC,2023-08-12,51
Item913,DC,2023-09-02,108
Item914,DC,2023-07-01,109
Item914,DC,2023-07-22,48
Item914,DC,2023-09-23,57
Item914,DC,2023-10-07,129
Item914,DC,2023-10-28,79
Item914,DC,2023-11-11,75
Item915,DC,2023-07-01,59
Item915,DC,2023-08-12,18
Item915,DC,2023-09-02,36
Item916,DC,2023-07-01,94
Item916,DC,2023-07-22,41
Item916,DC,2023-09-23,38
Item916,DC,2023-10-07,84
Item916,DC,2023-10-28,12
Item916,DC,2023-11-11,49
Item917,DC,2023-07-01,95
Item917,DC,2023-08-12,35
Item917,DC,2023-09-02,75
Item918,DC,2023-07-01,62
Item918,DC,2023-07-22,10
Item918,DC,2023-09-23,5
Item918,DC,2023-10-07,2
Item918,DC,2023-10-28,1
Item918,DC,2023-11-11,18
Item919,DC,2023-07-01,21
Item919,DC,2023-08-12,18
Item896,DC,2023-11-04,11
Item898,DC,2023-10-21,1
Item898,DC,2023-11-04,1
Item899,DC,2023-09-02,2
Item899,DC,2023-09-16,2
Item899,DC,2023-09-30,2
Item899,DC,2023-10-07,2
Item899,DC,2023-11-11,2
Item798,DC,2023-09-02,4
Item798,DC,2023-09-16,3
Item798,DC,2023-09-30,5
Item798,DC,2023-11-04,6
Item798,DC,2023-11-18,10
Item799,DC,2023-10-07,8
Item799,DC,2023-10-21,5
Item799,DC,2023-12-02,5
Item800,DC,2023-10-07,178
Item800,DC,2023-10-21,121
Item800,DC,2023-12-02,119
Item802,DC,2023-10-07,5
Item802,DC,2023-10-21,4
Item802,DC,2023-12-02,4
Item803,DC,2023-08-19,4
Item803,DC,2023-09-02,5
Item803,DC,2023-09-16,6
Item803,DC,2023-09-30,7
Item803,DC,2023-11-04,10
Item803,DC,2023-11-18,10
Item805,DC,2023-09-16,1
Item805,DC,2023-11-04,1
Item805,DC,2023-11-18,1
Item806,DC,2023-10-07,10
Item806,DC,2023-10-21,5
Item806,DC,2023-12-02,6
Item808,DC,2023-10-21,1
Item809,DC,2023-08-19,2
Item809,DC,2023-09-02,4
Item809,DC,2023-09-16,4
Item809,DC,2023-09-30,3
Item809,DC,2023-11-04,5
Item809,DC,2023-11-18,5
Item811,DC,2023-09-09,3
Item811,DC,2023-09-23,3
Item811,DC,2023-10-07,3
Item812,DC,2023-08-19,1
Item812,DC,2023-10-28,4
Item812,DC,2023-11-18,2
Item814,DC,2023-08-19,2
Item814,DC,2023-10-28,16
Item814,DC,2023-11-18,4
Item815,DC,2023-09-09,61
Item815,DC,2023-09-23,60
Item815,DC,2023-10-07,26
Item817,DC,2023-09-09,12
Item817,DC,2023-09-23,13
Item817,DC,2023-10-07,12
Item818,DC,2023-08-19,406
Item818,DC,2023-10-28,86
Item818,DC,2023-11-18,74
Item819,DC,2023-09-09,5
Item819,DC,2023-09-23,5
Item819,DC,2023-10-07,6
Item820,DC,2023-08-19,4
Item820,DC,2023-10-28,28
Item820,DC,2023-11-18,8
Item821,DC,2023-09-09,192
Item821,DC,2023-09-23,193
Item821,DC,2023-10-07,200
Item822,DC,2023-08-19,3
Item822,DC,2023-10-28,19
Item822,DC,2023-11-18,6
Item823,DC,2023-09-09,12
Item823,DC,2023-09-23,12
Item823,DC,2023-10-07,13
Item824,DC,2023-08-19,604
Item824,DC,2023-10-28,226
Item824,DC,2023-11-18,130
Item825,DC,2023-09-09,7
Item825,DC,2023-09-23,8
Item825,DC,2023-10-07,8
Item826,DC,2023-08-19,2
Item826,DC,2023-10-28,17
Item826,DC,2023-11-18,5
Item827,DC,2023-09-09,173
Item827,DC,2023-09-23,174
Item827,DC,2023-10-07,181
Item828,DC,2023-08-19,1
Item828,DC,2023-10-28,11
Item828,DC,2023-11-18,3
Item829,DC,2023-09-09,7
Item829,DC,2023-09-23,5
Item829,DC,2023-10-07,4
Item830,DC,2023-09-09,121
Item830,DC,2023-09-23,123
Item830,DC,2023-10-07,123
Item832,DC,2023-09-09,4
Item832,DC,2023-09-23,2
Item832,DC,2023-10-07,3
Item833,DC,2023-08-19,2
Item833,DC,2023-10-28,13
Item833,DC,2023-11-18,4
Item835,DC,2023-10-28,1
Item836,DC,2023-09-09,6
Item836,DC,2023-09-23,7
Item836,DC,2023-10-07,7
Item838,DC,2023-09-09,1
Item838,DC,2023-10-07,1
Item839,DC,2023-08-19,1
Item839,DC,2023-10-28,8
Item832,DC,2023-10-28,9
Item832,DC,2023-11-18,2
Item833,DC,2023-09-09,6
Item833,DC,2023-09-23,5
Item833,DC,2023-10-07,8
Item835,DC,2023-09-09,1
Item835,DC,2023-10-07,1
Item836,DC,2023-08-19,2
Item836,DC,2023-10-28,14
Item836,DC,2023-11-18,4
Item838,DC,2023-10-28,1
Item839,DC,2023-09-09,4
Item839,DC,2023-09-23,5
Item839,DC,2023-10-07,4
Item653,DC,2023-06-17,2
Item654,DC,2023-06-03,4
Item656,DC,2023-06-03,6
Item657,DC,2023-06-17,4
Item658,DC,2023-06-03,2
Item660,DC,2023-06-03,3
Item655,DC,2023-06-03,4
Item657,DC,2023-06-03,5
Item659,DC,2023-06-03,3
Item781,DC,2023-10-07,6
Item781,DC,2023-10-21,1
Item781,DC,2023-12-02,4
Item782,DC,2023-09-02,1
Item782,DC,2023-09-16,3
Item782,DC,2023-09-30,4
Item782,DC,2023-11-04,5
Item782,DC,2023-11-18,4
Item784,DC,2023-08-19,4
Item784,DC,2023-09-02,7
Item784,DC,2023-09-16,7
Item784,DC,2023-09-30,7
Item784,DC,2023-11-04,10
Item784,DC,2023-11-18,14
Item785,DC,2023-10-07,90
Item785,DC,2023-10-21,51
Item785,DC,2023-12-02,60
Item787,DC,2023-10-07,18
Item787,DC,2023-10-21,11
Item787,DC,2023-12-02,12
Item788,DC,2023-08-19,387
Item788,DC,2023-09-02,129
Item788,DC,2023-09-16,123
Item788,DC,2023-09-30,123
Item788,DC,2023-11-04,98
Item788,DC,2023-11-18,113
Item789,DC,2023-10-07,7
Item789,DC,2023-10-21,7
Item789,DC,2023-12-02,5
Item790,DC,2023-08-19,10
Item790,DC,2023-09-02,13
Item790,DC,2023-09-16,14
Item790,DC,2023-09-30,13
Item790,DC,2023-11-04,21
Item790,DC,2023-11-18,23
Item791,DC,2023-10-07,291
Item791,DC,2023-10-21,196
Item791,DC,2023-12-02,194
Item842,DC,2023-09-02,2
Item842,DC,2023-09-16,2
Item842,DC,2023-09-30,1
Item842,DC,2023-10-07,3
Item842,DC,2023-10-21,6
Item842,DC,2023-11-04,2
Item842,DC,2023-11-25,1
Item844,DC,2023-09-02,8
Item844,DC,2023-09-16,7
Item844,DC,2023-09-30,4
Item844,DC,2023-10-07,7
Item844,DC,2023-10-21,13
Item844,DC,2023-11-04,9
Item844,DC,2023-11-25,4
Item845,DC,2023-08-19,233
Item847,DC,2023-08-19,5
Item848,DC,2023-09-02,128
Item848,DC,2023-09-16,122
Item848,DC,2023-09-30,59
Item848,DC,2023-10-07,124
Item848,DC,2023-10-21,97
Item848,DC,2023-11-04,93
Item848,DC,2023-11-25,63
Item850,DC,2023-09-02,13
Item850,DC,2023-09-16,15
Item850,DC,2023-09-30,7
Item850,DC,2023-10-07,13
Item850,DC,2023-10-21,24
Item850,DC,2023-11-04,16
Item850,DC,2023-11-25,6
Item851,DC,2023-08-19,461
Item852,DC,2023-09-02,7
Item852,DC,2023-09-16,10
Item852,DC,2023-09-30,5
Item852,DC,2023-10-07,9
Item852,DC,2023-10-21,15
Item792,DC,2023-09-02,9
Item792,DC,2023-09-16,9
Item792,DC,2023-09-30,10
Item792,DC,2023-11-04,11
Item792,DC,2023-11-18,15
Item793,DC,2023-10-07,20
Item793,DC,2023-10-21,12
Item793,DC,2023-12-02,13
Item794,DC,2023-08-19,585
Item794,DC,2023-09-02,214
Item794,DC,2023-09-16,215
Item794,DC,2023-09-30,217
Item794,DC,2023-11-04,249
Item794,DC,2023-11-18,196
Item795,DC,2023-10-07,13
Item795,DC,2023-10-21,9
Item795,DC,2023-12-02,8
Item796,DC,2023-08-19,7
Item582,DC,2023-05-15,1
Item582,DC,2023-05-19,5
Item583,DC,2023-06-03,24
Item583,DC,2023-06-24,56
Item584,DC,2023-05-19,183
Item584,DC,2023-05-15,1
Item585,DC,2023-06-03,11
Item585,DC,2023-06-24,36
Item586,DC,2023-05-19,18
Item587,DC,2023-06-03,157
Item587,DC,2023-06-24,168
Item588,DC,2023-05-19,10
Item588,DC,2023-05-15,1
Item589,DC,2023-06-03,12
Item589,DC,2023-05-15,1
Item589,DC,2023-06-24,12
Item590,DC,2023-06-03,93
Item590,DC,2023-06-24,138
Item592,DC,2023-06-03,5
Item592,DC,2023-06-24,5
Item593,DC,2023-05-19,41
Item595,DC,2023-05-19,3
Item595,DC,2023-05-15,1
Item595,DC,2023-05-15,1
Item596,DC,2023-06-03,9
Item596,DC,2023-05-15,1
Item596,DC,2023-06-24,9
Item598,DC,2023-06-03,4
Item598,DC,2023-06-24,2
Item599,DC,2023-05-19,2
Item1020,DC,2023-08-05,4
Item1020,DC,2023-08-19,3
Item1020,DC,2023-10-14,1
Item512,DC,2023-06-03,1
Item514,DC,2023-06-03,19
Item516,DC,2023-06-03,1
Item518,DC,2023-06-03,47
Item520,DC,2023-06-03,148
Item521,DC,2023-05-15,1
Item521,DC,2023-06-03,86
Item522,DC,2023-06-03,25
Item523,DC,2023-05-15,1
Item523,DC,2023-06-03,255
Item524,DC,2023-05-15,1
Item524,DC,2023-06-03,124
Item526,DC,2023-06-03,60
Item527,DC,2023-06-03,121
Item528,DC,2023-06-03,22
Item323,DC,2023-05-13,1
Item662,DC,2023-05-13,1
Item668,DC,2023-05-13,6
Item670,DC,2023-05-13,3
Item674,DC,2023-05-13,6
Item676,DC,2023-05-13,4
Item677,DC,2023-05-13,1
Item683,DC,2023-05-13,1
Item698,DC,2023-05-15,1
Item703,DC,2023-05-15,1
Item960,DC,2023-10-28,10
Item960,DC,2023-11-18,1
Item995,DC,2023-09-16,37
Item995,DC,2023-10-28,12
Item996,DC,2023-08-05,1
Item996,DC,2023-08-19,1
Item996,DC,2023-10-14,1
Item997,DC,2023-09-16,61
Item997,DC,2023-10-28,34
Item998,DC,2023-07-01,88
Item998,DC,2023-07-29,95
Item998,DC,2023-08-05,60
Item998,DC,2023-08-19,63
Item998,DC,2023-10-14,30
Item999,DC,2023-09-16,2
Item999,DC,2023-10-28,8
Item1000,DC,2023-07-01,102
Item1000,DC,2023-07-29,110
Item1000,DC,2023-08-05,120
Item1000,DC,2023-08-19,118
Item1000,DC,2023-10-14,54
Item1001,DC,2023-09-16,110
Item511,DC,2023-05-15,1
Item511,DC,2023-06-03,1
Item513,DC,2023-06-03,1
Item515,DC,2023-05-15,1
Item515,DC,2023-06-03,21
Item516,DC,2023-05-15,1
Item517,DC,2023-06-03,58
Item518,DC,2023-05-15,1
Item519,DC,2023-05-15,1
Item519,DC,2023-06-03,14
Item520,DC,2023-06-03,84
Item521,DC,2023-06-03,119
Item523,DC,2023-05-15,1
Item523,DC,2023-06-03,134
Item524,DC,2023-06-03,144
Item525,DC,2023-06-03,27
Item526,DC,2023-06-03,190
Item527,DC,2023-06-03,58
Item529,DC,2023-06-03,36
Item530,DC,2023-06-03,33
Item531,DC,2023-06-03,47
Item532,DC,2023-05-15,1
Item532,DC,2023-06-03,3
Item534,DC,2023-06-03,2
Item536,DC,2023-06-03,3
Item538,DC,2023-06-03,1
Item540,DC,2023-06-03,2
Item1008,DC,2023-07-01,58
Item1008,DC,2023-07-29,63
Item1008,DC,2023-08-05,21
Item1008,DC,2023-08-19,1
Item1008,DC,2023-10-14,13
Item1009,DC,2023-09-16,69
Item1009,DC,2023-10-28,18
Item1010,DC,2023-09-16,3
Item1010,DC,2023-10-28,19
Item1011,DC,2023-07-01,17
Item1011,DC,2023-07-29,19
Item1011,DC,2023-08-05,18
Item1011,DC,2023-08-19,20
Item1011,DC,2023-10-14,8
Item1012,DC,2023-09-16,9
Item1012,DC,2023-10-28,5
Item1013,DC,2023-07-01,20
Item1013,DC,2023-07-29,22
Item1013,DC,2023-08-05,26
Item1013,DC,2023-08-19,28
Item1013,DC,2023-10-14,13
Item1014,DC,2023-09-16,5
Item1014,DC,2023-10-28,1
Item1015,DC,2023-08-05,1
Item1015,DC,2023-08-19,2
Item1015,DC,2023-10-14,1
Item1016,DC,2023-09-16,3
Item1016,DC,2023-10-28,8
Item1017,DC,2023-08-05,3
Item1017,DC,2023-08-19,4
Item1017,DC,2023-10-14,1
Item1018,DC,2023-09-16,11
Item1018,DC,2023-10-28,1
Item1019,DC,2023-07-01,2
Item1019,DC,2023-07-29,3
Item1019,DC,2023-10-14,1
Item1020,DC,2023-09-16,2
Item1020,DC,2023-10-28,1
Item602,DC,2023-06-03,2
Item604,DC,2023-06-03,9
Item605,DC,2023-06-17,5
Item607,DC,2023-06-17,2
Item608,DC,2023-06-03,22
Item610,DC,2023-06-03,26
Item611,DC,2023-06-17,20
Item613,DC,2023-06-17,8
Item614,DC,2023-06-03,35
Item616,DC,2023-06-03,17
Item617,DC,2023-06-17,12
Item619,DC,2023-06-17,3
Item620,DC,2023-06-17,7
Item622,DC,2023-06-17,2
Item623,DC,2023-06-03,8
Item625,DC,2023-06-03,3
Item629,DC,2023-06-03,4
Item631,DC,2023-06-17,2
Item632,DC,2023-06-03,2
Item634,DC,2023-06-03,9
Item635,DC,2023-06-17,4
Item636,DC,2023-06-03,3
Item637,DC,2023-06-17,3
Item638,DC,2023-06-03,22
Item639,DC,2023-06-17,4
Item640,DC,2023-06-03,26
Item641,DC,2023-06-17,25
Item642,DC,2023-06-03,13
Item643,DC,2023-06-17,2
Item644,DC,2023-06-03,35
Item645,DC,2023-06-17,6
Item646,DC,2023-06-03,17
Item647,DC,2023-06-17,38
Item648,DC,2023-06-03,11
Item650,DC,2023-06-17,13
Item651,DC,2023-06-03,7
Item652,DC,2023-06-17,3
Item653,DC,2023-06-03,9
Item545,DC,2023-05-15,1
Item545,DC,2023-05-15,1
Item545,DC,2023-05-15,1
Item547,DC,2023-05-15,1
Item549,DC,2023-05-15,1
Item553,DC,2023-05-15,1
Item164,DC,2023-06-10,94
Item164,DC,2023-06-10,16
Item164,DC,2023-07-08,112
Item165,DC,2023-06-10,58
Item165,DC,2023-07-08,5
Item165,DC,2023-09-02,43
Item165,DC,2023-10-07,14
Item166,DC,2023-06-10,24
Item166,DC,2023-06-10,18
Item166,DC,2023-07-08,67
Item167,DC,2023-06-10,102
Item167,DC,2023-07-08,8
Item167,DC,2023-09-02,91
Item167,DC,2023-10-07,99
Item168,DC,2023-06-10,20
Item168,DC,2023-06-10,2
Item168,DC,2023-07-08,21
Item169,DC,2023-05-15,1
Item169,DC,2023-09-02,37
Item169,DC,2023-10-07,44
Item170,DC,2023-06-10,28
Item170,DC,2023-07-08,6
Item170,DC,2023-09-02,49
Item170,DC,2023-10-07,12
Item171,DC,2023-06-10,1
Item173,DC,2023-05-15,1
Item173,DC,2023-06-10,45
Item176,DC,2023-07-08,2
Item177,DC,2023-05-15,1
Item10,DC,2023-10-21,133
Item11,DC,2023-05-15,1
Item11,DC,2023-05-15,1
Item11,DC,2023-06-24,163
Item11,DC,2023-06-10,68
Item11,DC,2023-06-24,7
Item11,DC,2023-07-29,81
Item11,DC,2023-08-19,98
Item12,DC,2023-06-10,40
Item12,DC,2023-09-09,28
Item91,DC,2023-06-10,2
Item92,DC,2023-06-10,52
Item94,DC,2023-06-10,25
Item95,DC,2023-06-10,19
Item97,DC,2023-06-10,163
Item98,DC,2023-05-15,1
Item98,DC,2023-06-10,23
Item99,DC,2023-05-15,1
Item100,DC,2023-06-10,151
Item101,DC,2023-05-15,1
Item103,DC,2023-06-10,100
Item104,DC,2023-06-10,47
Item105,DC,2023-05-15,1
Item106,DC,2023-06-10,111
Item109,DC,2023-06-10,17
Item109,DC,2023-05-15,1
Item110,DC,2023-06-10,26
Item113,DC,2023-06-10,53
Item115,DC,2023-06-10,3
Item116,DC,2023-06-10,125
Item117,DC,2023-06-10,3
Item119,DC,2023-06-10,56
Item122,DC,2023-09-02,6
Item124,DC,2023-05-15,1
Item124,DC,2023-09-02,1
Item124,DC,2023-09-02,22
Item125,DC,2023-05-15,1
Item125,DC,2023-06-10,30
Item126,DC,2023-09-02,12
Item127,DC,2023-06-10,20
Item127,DC,2023-09-30,79
Item127,DC,2023-10-21,77
Item128,DC,2023-09-02,72
Item128,DC,2023-09-02,2
Item129,DC,2023-06-10,53
Item129,DC,2023-09-30,5
Item129,DC,2023-10-21,15
Item130,DC,2023-05-15,1
Item130,DC,2023-09-02,6
Item130,DC,2023-09-02,104
Item131,DC,2023-06-10,98
Item131,DC,2023-09-30,104
Item131,DC,2023-10-21,100
Item132,DC,2023-09-02,19
Item132,DC,2023-09-02,19
Item133,DC,2023-06-10,62
Item133,DC,2023-09-30,119
Item133,DC,2023-10-21,114
Item134,DC,2023-05-13,7
Item134,DC,2023-09-02,83
Item134,DC,2023-09-02,95
Item135,DC,2023-06-10,8
Item135,DC,2023-09-30,39
Item135,DC,2023-10-21,38
Item136,DC,2023-09-02,5
Item136,DC,2023-09-02,66
Item137,DC,2023-06-10,60
Item137,DC,2023-09-30,75
Item137,DC,2023-10-21,72
Item138,DC,2023-09-02,16
Item138,DC,2023-09-02,25
Item139,DC,2023-06-10,110
Item139,DC,2023-09-30,43
Item139,DC,2023-10-21,42
Item140,DC,2023-06-10,49
Item140,DC,2023-09-30,44
Item140,DC,2023-10-21,41
Item141,DC,2023-09-02,17
Item142,DC,2023-10-21,3
Item143,DC,2023-05-15,1
Item12,DC,2023-09-30,2
Item12,DC,2023-10-21,13
Item13,DC,2023-06-24,21
Item13,DC,2023-06-10,97
Item13,DC,2023-06-24,10
Item13,DC,2023-07-29,112
Item13,DC,2023-08-19,100
Item14,DC,2023-06-10,99
Item14,DC,2023-09-09,101
Item14,DC,2023-09-30,113
Item14,DC,2023-10-21,121
Item15,DC,2023-06-24,2
Item15,DC,2023-06-10,56
Item15,DC,2023-06-24,6
Item15,DC,2023-07-29,22
Item15,DC,2023-08-19,34
Item16,DC,2023-06-10,87
Item16,DC,2023-09-09,78
Item16,DC,2023-09-30,86
Item16,DC,2023-10-21,68
Item17,DC,2023-06-24,133
Item17,DC,2023-06-10,78
Item17,DC,2023-06-24,9
Item17,DC,2023-07-29,69
Item17,DC,2023-08-19,76
Item18,DC,2023-06-10,55
Item18,DC,2023-09-09,21
Item18,DC,2023-10-21,12
Item19,DC,2023-06-24,14
Item19,DC,2023-06-10,33
Item19,DC,2023-06-24,3
Item19,DC,2023-07-29,53
Item19,DC,2023-08-19,42
Item20,DC,2023-06-24,94
Item20,DC,2023-06-10,61
Item20,DC,2023-06-24,6
Item20,DC,2023-07-29,22
Item20,DC,2023-08-19,43
Item21,DC,2023-05-15,1
Item21,DC,2023-06-10,15
Item21,DC,2023-09-09,18
Item21,DC,2023-09-30,23
Item21,DC,2023-10-21,23
Item22,DC,2023-06-24,1
Item23,DC,2023-05-15,1
Item23,DC,2023-05-15,1
Item23,DC,2023-06-10,18
Item23,DC,2023-09-09,29
Item23,DC,2023-09-30,33
Item23,DC,2023-10-21,29
Item24,DC,2023-06-10,1
Item24,DC,2023-07-29,5
Item24,DC,2023-08-19,5
Item25,DC,2023-09-09,1
Item25,DC,2023-09-30,1
Item25,DC,2023-10-21,5
Item26,DC,2023-06-24,8
Item26,DC,2023-06-10,2
Item26,DC,2023-08-19,6
Item27,DC,2023-06-10,1
Item27,DC,2023-09-09,5
Item27,DC,2023-09-30,7
Item27,DC,2023-10-21,7
Item28,DC,2023-07-29,2
Item29,DC,2023-09-09,1
Item29,DC,2023-09-30,1
Item29,DC,2023-10-21,7
Item30,DC,2023-07-29,2
Item31,DC,2023-05-15,1
Item34,DC,2023-07-08,44
Item35,DC,2023-05-15,1
Item35,DC,2023-06-10,55
Item35,DC,2023-09-23,27
Item37,DC,2023-06-10,2
Item37,DC,2023-06-10,75
Item37,DC,2023-09-23,70
Item38,DC,2023-05-15,1
Item38,DC,2023-07-08,78
Item39,DC,2023-06-10,1
Item39,DC,2023-06-10,41
Item39,DC,2023-09-23,15
Item40,DC,2023-05-15,1
Item40,DC,2023-07-08,151
Item41,DC,2023-05-15,1
Item41,DC,2023-06-10,152
Item41,DC,2023-09-23,102
Item42,DC,2023-07-08,38
Item43,DC,2023-06-10,4
Item43,DC,2023-06-10,47
Item43,DC,2023-09-23,106
Item44,DC,2023-05-15,1
Item44,DC,2023-07-08,41
Item45,DC,2023-06-10,2
Item45,DC,2023-06-10,77
Item45,DC,2023-09-23,36
Item46,DC,2023-07-08,102
Item47,DC,2023-06-10,122
Item47,DC,2023-09-23,76
Item48,DC,2023-07-08,45
Item49,DC,2023-06-10,2
Item49,DC,2023-09-23,40
Item50,DC,2023-06-10,85
Item50,DC,2023-09-23,45
Item51,DC,2023-05-15,2
Item52,DC,2023-06-10,1
Item53,DC,2023-05-15,1
Item961,DC,2023-07-29,1
Item961,DC,2023-09-02,1
Item961,DC,2023-10-07,1
Item962,DC,2023-07-01,4
Item962,DC,2023-08-05,1
Item963,DC,2023-07-29,1
Item963,DC,2023-10-07,1
Item964,DC,2023-07-01,31
Item964,DC,2023-07-29,11
Item964,DC,2023-08-05,9
Item964,DC,2023-08-05,10
Item965,DC,2023-07-29,20
Item965,DC,2023-09-02,13
Item965,DC,2023-09-09,28
Item965,DC,2023-10-07,41
Item966,DC,2023-08-05,1
Item967,DC,2023-07-29,50
Item967,DC,2023-09-02,90
Item967,DC,2023-09-09,86
Item967,DC,2023-10-07,60
Item968,DC,2023-07-01,81
Item968,DC,2023-07-29,28
Item968,DC,2023-08-05,30
Item968,DC,2023-08-05,25
Item969,DC,2023-09-02,48
Item969,DC,2023-10-07,10
Item970,DC,2023-07-01,93
Item970,DC,2023-07-29,55
Item970,DC,2023-08-05,70
Item970,DC,2023-08-05,58
Item971,DC,2023-07-29,78
Item342,DC,2023-05-13,1
Item355,DC,2023-05-13,1
Item460,DC,2023-05-13,1
Item464,DC,2023-05-13,1
Item971,DC,2023-09-02,44
Item971,DC,2023-09-09,121
Item971,DC,2023-10-07,118
Item972,DC,2023-07-01,74
Item972,DC,2023-07-29,18
Item972,DC,2023-08-05,13
Item973,DC,2023-07-29,73
Item973,DC,2023-09-02,63
Item973,DC,2023-09-09,120
Item973,DC,2023-10-07,121
Item974,DC,2023-07-01,96
Item974,DC,2023-07-29,53
Item974,DC,2023-08-05,70
Item974,DC,2023-08-05,59
Item975,DC,2023-07-29,26
Item975,DC,2023-09-02,65
Item975,DC,2023-09-09,20
Item975,DC,2023-10-07,18
Item976,DC,2023-07-01,77
Item976,DC,2023-07-29,37
Item976,DC,2023-08-05,32
Item976,DC,2023-08-05,27
Item977,DC,2023-07-29,54
Item977,DC,2023-09-02,84
Item977,DC,2023-09-09,85
Item977,DC,2023-10-07,61
Item978,DC,2023-07-01,72
Item978,DC,2023-07-29,12
Item978,DC,2023-08-05,11
Item979,DC,2023-07-29,29
Item979,DC,2023-09-02,15
Item979,DC,2023-09-09,33
Item979,DC,2023-10-07,56
Item980,DC,2023-07-29,28
Item980,DC,2023-09-02,106
Item980,DC,2023-09-09,15
Item980,DC,2023-10-07,20
Item981,DC,2023-07-01,30
Item981,DC,2023-07-29,6
Item981,DC,2023-08-05,6
Item982,DC,2023-07-29,4
Item982,DC,2023-09-02,1
Item982,DC,2023-10-07,1
Item983,DC,2023-07-01,33
Item983,DC,2023-07-29,11
Item983,DC,2023-08-05,10
Item983,DC,2023-08-05,11
Item984,DC,2023-07-29,5
Item984,DC,2023-09-02,1
Item984,DC,2023-10-07,1
Item985,DC,2023-07-29,1
Item985,DC,2023-08-05,4
Item985,DC,2023-08-05,2
Item986,DC,2023-09-02,2
Item986,DC,2023-10-07,2
Item987,DC,2023-07-29,1
Item987,DC,2023-08-05,4
Item987,DC,2023-08-05,2
Item988,DC,2023-07-29,6
Item988,DC,2023-09-02,1
Item988,DC,2023-10-07,7
Item989,DC,2023-08-05,3
Item989,DC,2023-08-05,7
Item990,DC,2023-07-29,4
Item990,DC,2023-09-02,1
Item990,DC,2023-10-07,1
Item991,DC,2023-08-05,1
Item991,DC,2023-08-19,1
Item991,DC,2023-10-14,1
Item992,DC,2023-09-16,2
Item993,DC,2023-08-05,1
Item993,DC,2023-08-19,1
Item994,DC,2023-09-16,33
Item994,DC,2023-10-28,13
Item995,DC,2023-07-01,24
Item995,DC,2023-07-29,26
Item995,DC,2023-08-05,30
Item995,DC,2023-08-19,33
Item995,DC,2023-10-14,14
Item996,DC,2023-09-16,2
Item996,DC,2023-10-28,1
Item997,DC,2023-07-01,90
Item997,DC,2023-07-29,96
Item997,DC,2023-08-05,80
Item997,DC,2023-08-19,79
Item997,DC,2023-10-14,36
Item998,DC,2023-09-16,30
Item998,DC,2023-10-28,29
Item999,DC,2023-07-01,58
Item999,DC,2023-07-29,62
Item999,DC,2023-10-14,10
Item1000,DC,2023-09-16,151
Item1000,DC,2023-10-28,51
Item1001,DC,2023-07-01,100
Item1001,DC,2023-07-29,108
Item1001,DC,2023-08-05,100
Item1001,DC,2023-08-19,106
Item1001,DC,2023-10-14,49
Item1002,DC,2023-09-16,3
Item1002,DC,2023-10-28,14
Item1003,DC,2023-07-01,104
Item1003,DC,2023-07-29,110
Item1003,DC,2023-08-05,101
Item1003,DC,2023-08-19,109
Item1003,DC,2023-10-14,51
Item1004,DC,2023-09-16,140
Item1004,DC,2023-10-28,51
Item1005,DC,2023-07-01,60
Item1005,DC,2023-07-29,64
Item1005,DC,2023-08-05,36
Item1005,DC,2023-08-19,38
Item1005,DC,2023-10-14,17
Item1006,DC,2023-09-16,52
Item1006,DC,2023-10-28,34
Item1007,DC,2023-07-01,93
Item1007,DC,2023-07-29,99
Item1007,DC,2023-08-05,74
Item1007,DC,2023-08-19,77
Item1007,DC,2023-10-14,37
Item1008,DC,2023-09-16,2
Item1008,DC,2023-10-28,24
Item1009,DC,2023-07-01,25
Item1009,DC,2023-07-29,26
Item1009,DC,2023-08-05,37
Item1009,DC,2023-08-19,39
Item1009,DC,2023-10-14,19
Item1010,DC,2023-07-01,83
Item1010,DC,2023-07-29,89
Item1010,DC,2023-08-05,42
Item1010,DC,2023-08-19,29
Item1010,DC,2023-10-14,20
Item1011,DC,2023-09-16,13
Item1011,DC,2023-10-28,8
Item1012,DC,2023-08-05,2
Item1012,DC,2023-08-19,1
Item1012,DC,2023-10-14,1
Item1013,DC,2023-09-16,45
Item1013,DC,2023-10-28,13
Item1014,DC,2023-08-05,4
Item1014,DC,2023-08-19,4
Item1014,DC,2023-10-14,2
Item1015,DC,2023-09-16,11
Item1015,DC,2023-10-28,1
Item1016,DC,2023-07-01,6
Item1016,DC,2023-07-29,7
Item1016,DC,2023-10-14,2
Item1017,DC,2023-09-16,11
Item1017,DC,2023-10-28,1
Item1018,DC,2023-08-05,3
Item1018,DC,2023-08-19,5
Item1018,DC,2023-10-14,1
Item1019,DC,2023-09-16,1
Item1019,DC,2023-10-28,2
Item762,DC,2023-10-07,7
Item762,DC,2023-11-11,14
Item763,DC,2023-07-29,58
Item763,DC,2023-08-12,46
Item764,DC,2023-09-09,52
Item764,DC,2023-10-07,61
Item764,DC,2023-11-11,57
Item765,DC,2023-07-29,43
Item765,DC,2023-08-12,20
Item766,DC,2023-09-09,31
Item766,DC,2023-10-07,34
Item766,DC,2023-11-11,27
Item767,DC,2023-07-29,47
Item767,DC,2023-08-12,33
Item768,DC,2023-09-09,20
Item768,DC,2023-10-07,16
Item768,DC,2023-11-11,12
Item769,DC,2023-07-29,40
Item769,DC,2023-08-12,17
Item770,DC,2023-07-29,42
Item770,DC,2023-08-12,24
Item771,DC,2023-11-11,7
Item772,DC,2023-08-12,4
Item773,DC,2023-09-09,14
Item773,DC,2023-10-07,7
Item773,DC,2023-11-11,11
Item774,DC,2023-08-12,5
Item775,DC,2023-09-09,5
Item775,DC,2023-10-07,7
Item775,DC,2023-11-11,5
Item776,DC,2023-08-12,5
Item827,DC,2023-08-19,515
Item827,DC,2023-10-28,160
Item827,DC,2023-11-18,105
Item828,DC,2023-09-09,4
Item828,DC,2023-09-23,6
Item828,DC,2023-10-07,5
Item829,DC,2023-08-19,1
Item829,DC,2023-10-28,8
Item829,DC,2023-11-18,3
Item830,DC,2023-08-19,410
Item830,DC,2023-10-28,76
Item830,DC,2023-11-18,71
Item832,DC,2023-08-19,1
Item777,DC,2023-09-09,5
Item777,DC,2023-10-07,6
Item777,DC,2023-11-11,6
Item778,DC,2023-08-12,1
Item779,DC,2023-09-09,2
Item779,DC,2023-10-07,1
Item779,DC,2023-11-11,3
Item780,DC,2023-08-12,3
Item763,DC,2023-11-11,47
Item764,DC,2023-07-29,59
Item764,DC,2023-08-12,52
Item765,DC,2023-09-09,21
Item765,DC,2023-10-07,16
Item765,DC,2023-11-11,15
Item766,DC,2023-07-29,51
Item766,DC,2023-08-12,33
Item767,DC,2023-09-09,39
Item767,DC,2023-10-07,48
Item767,DC,2023-11-11,35
Item768,DC,2023-07-29,40
Item768,DC,2023-08-12,15
Item769,DC,2023-09-09,17
Item769,DC,2023-10-07,6
Item769,DC,2023-11-11,15
Item770,DC,2023-09-09,21
Item770,DC,2023-10-07,16
Item770,DC,2023-11-11,18
Item771,DC,2023-07-29,32
Item772,DC,2023-09-09,5
Item772,DC,2023-10-07,7
Item772,DC,2023-11-11,6
Item773,DC,2023-07-29,37
Item773,DC,2023-08-12,9
Item774,DC,2023-09-09,4
Item774,DC,2023-10-07,6
Item774,DC,2023-11-11,7
Item775,DC,2023-07-29,1
Item775,DC,2023-08-12,3
Item776,DC,2023-09-09,4
Item776,DC,2023-10-07,6
Item776,DC,2023-11-11,8
Item777,DC,2023-08-12,3
Item778,DC,2023-09-09,3
Item778,DC,2023-10-07,7
Item778,DC,2023-11-11,5
Item779,DC,2023-07-29,1
Item780,DC,2023-09-09,2
Item780,DC,2023-10-07,1
Item796,DC,2023-09-02,6
Item796,DC,2023-09-16,9
Item796,DC,2023-09-30,8
Item796,DC,2023-11-04,13
Item796,DC,2023-11-18,15
Item797,DC,2023-10-07,261
Item797,DC,2023-10-21,175
Item797,DC,2023-12-02,174
Item780,DC,2023-11-11,3
Item871,DC,2023-09-02,2
Item871,DC,2023-09-16,3
Item871,DC,2023-09-30,1
Item871,DC,2023-10-07,2
Item871,DC,2023-11-11,2
Item872,DC,2023-10-21,3
Item872,DC,2023-11-04,2
Item874,DC,2023-10-21,4
Item874,DC,2023-11-04,9
Item875,DC,2023-08-19,240
Item875,DC,2023-09-02,36
Item875,DC,2023-09-16,42
Item875,DC,2023-09-30,30
Item875,DC,2023-10-07,9
Item875,DC,2023-11-11,36
Item877,DC,2023-09-02,7
Item877,DC,2023-09-16,9
Item877,DC,2023-09-30,7
Item877,DC,2023-10-07,6
Item877,DC,2023-11-11,7
Item878,DC,2023-10-21,59
Item878,DC,2023-11-04,31
Item879,DC,2023-09-02,2
Item879,DC,2023-09-16,4
Item879,DC,2023-09-30,4
Item879,DC,2023-10-07,3
Item879,DC,2023-11-11,3
Item880,DC,2023-10-21,7
Item880,DC,2023-11-04,24
Item881,DC,2023-08-19,454
Item881,DC,2023-09-02,117
Item881,DC,2023-09-16,137
Item881,DC,2023-09-30,98
Item881,DC,2023-10-07,102
Item881,DC,2023-11-11,116
Item882,DC,2023-10-21,6
Item882,DC,2023-11-04,13
Item883,DC,2023-09-02,8
Item883,DC,2023-09-16,9
Item883,DC,2023-09-30,7
Item883,DC,2023-10-07,6
Item883,DC,2023-11-11,8
Item884,DC,2023-10-21,119
Item884,DC,2023-11-04,103
Item885,DC,2023-09-02,4
Item885,DC,2023-09-16,4
Item885,DC,2023-09-30,4
Item885,DC,2023-10-07,4
Item885,DC,2023-11-11,5
Item886,DC,2023-10-21,4
Item886,DC,2023-11-04,12
Item887,DC,2023-08-19,433
Item887,DC,2023-09-02,104
Item887,DC,2023-09-16,121
Item887,DC,2023-09-30,87
Item887,DC,2023-10-07,90
Item887,DC,2023-11-11,105
Item893,DC,2023-09-30,2
Item893,DC,2023-10-07,2
Item893,DC,2023-11-11,4
Item895,DC,2023-09-16,1
Item895,DC,2023-10-07,1
Item896,DC,2023-10-21,1
Item888,DC,2023-10-21,3
Item888,DC,2023-11-04,8
Item889,DC,2023-09-02,3
Item889,DC,2023-09-16,5
Item889,DC,2023-09-30,3
Item889,DC,2023-10-07,3
Item889,DC,2023-11-11,3
Item890,DC,2023-08-19,351
Item890,DC,2023-09-02,72
Item890,DC,2023-09-16,83
Item890,DC,2023-09-30,60
Item890,DC,2023-10-07,63
Item890,DC,2023-11-11,71
Item892,DC,2023-09-02,2
Item892,DC,2023-09-16,2
Item892,DC,2023-09-30,2
Item892,DC,2023-10-07,1
Item721,DC,2023-07-29,1
Item721,DC,2023-09-09,2
Item721,DC,2023-11-11,1
Item722,DC,2023-10-07,1
Item723,DC,2023-08-12,1
Item723,DC,2023-09-09,1
Item725,DC,2023-07-29,39
Item725,DC,2023-08-12,16
Item725,DC,2023-09-09,8
Item725,DC,2023-11-11,11
Item726,DC,2023-10-07,2
Item727,DC,2023-07-29,50
Item727,DC,2023-08-12,32
Item727,DC,2023-09-09,33
Item727,DC,2023-11-11,29
Item728,DC,2023-10-07,34
Item729,DC,2023-07-29,36
Item729,DC,2023-08-12,11
Item729,DC,2023-09-09,7
Item729,DC,2023-11-11,8
Item898,DC,2023-09-16,1
Item899,DC,2023-10-21,2
Item899,DC,2023-11-04,6
Item1,DC,2023-07-29,3
Item1,DC,2023-08-19,2
Item2,DC,2023-10-21,1
Item4,DC,2023-06-10,30
Item4,DC,2023-09-09,33
Item4,DC,2023-09-30,33
Item4,DC,2023-10-21,29
Item5,DC,2023-06-24,62
Item5,DC,2023-07-29,24
Item5,DC,2023-08-19,22
Item6,DC,2023-05-13,1
Item6,DC,2023-10-21,1
Item143,DC,2023-09-02,34
Item143,DC,2023-09-02,1
Item144,DC,2023-09-30,3
Item144,DC,2023-10-21,4
Item145,DC,2023-09-02,2
Item7,DC,2023-06-24,16
Item7,DC,2023-06-10,91
Item7,DC,2023-06-24,9
Item7,DC,2023-07-29,88
Item7,DC,2023-08-19,73
Item8,DC,2023-06-10,40
Item8,DC,2023-09-09,60
Item8,DC,2023-09-30,67
Item8,DC,2023-10-21,37
Item9,DC,2023-06-24,1
Item9,DC,2023-06-10,30
Item9,DC,2023-06-24,3
Item9,DC,2023-07-29,5
Item10,DC,2023-06-10,103
Item10,DC,2023-09-09,110
Item10,DC,2023-09-30,122
Item146,DC,2023-06-10,15
Item147,DC,2023-05-15,1
Item147,DC,2023-09-02,1
Item149,DC,2023-09-02,4
Item150,DC,2023-06-10,7
Item152,DC,2023-06-10,6
Item154,DC,2023-06-10,15
Item155,DC,2023-06-10,39
Item155,DC,2023-07-08,4
Item155,DC,2023-09-02,26
Item155,DC,2023-10-07,34
Item156,DC,2023-06-10,16
Item157,DC,2023-06-10,83
Item157,DC,2023-07-08,4
Item157,DC,2023-09-02,71
Item157,DC,2023-10-07,51
Item158,DC,2023-05-15,1
Item158,DC,2023-06-10,81
Item158,DC,2023-06-10,22
Item158,DC,2023-07-08,73
Item159,DC,2023-06-10,29
Item159,DC,2023-07-08,5
Item160,DC,2023-06-10,28
Item160,DC,2023-06-10,28
Item160,DC,2023-07-08,106
Item161,DC,2023-06-10,106
Item161,DC,2023-07-08,14
Item161,DC,2023-09-02,114
Item161,DC,2023-10-07,142
Item162,DC,2023-06-10,24
Item162,DC,2023-06-10,17
Item162,DC,2023-07-08,51
Item163,DC,2023-06-10,72
Item163,DC,2023-07-08,4
Item163,DC,2023-09-02,108
Item163,DC,2023-10-07,133
Item54,DC,2023-09-23,7
Item55,DC,2023-07-08,1
Item56,DC,2023-06-10,4
Item56,DC,2023-06-10,1
Item56,DC,2023-09-23,6
Item57,DC,2023-07-08,6
Item58,DC,2023-09-23,2
Item59,DC,2023-07-08,3
Item60,DC,2023-09-23,7
Item62,DC,2023-05-15,1
Item67,DC,2023-05-15,1
Item68,DC,2023-05-15,1
Item68,DC,2023-05-15,1
Item70,DC,2023-05-15,1
Item70,DC,2023-05-15,1
Item72,DC,2023-05-15,1
Item74,DC,2023-05-15,1
Item74,DC,2023-05-15,1
Item76,DC,2023-05-15,1
Item77,DC,2023-05-15,1
Item584,DC,2023-06-03,206
Item584,DC,2023-06-24,252
Item585,DC,2023-05-19,11
Item586,DC,2023-06-03,14
Item586,DC,2023-06-24,74
Item587,DC,2023-05-19,130
Item588,DC,2023-06-03,10
Item588,DC,2023-05-15,1
Item588,DC,2023-06-24,47
Item589,DC,2023-05-19,15
Item590,DC,2023-05-19,57
Item592,DC,2023-05-19,11
Item593,DC,2023-06-03,41
Item593,DC,2023-06-24,55
Item595,DC,2023-06-03,3
Item595,DC,2023-06-24,4
Item596,DC,2023-05-19,10
Item598,DC,2023-05-19,4
Item599,DC,2023-06-03,5
Item599,DC,2023-05-15,1
Item599,DC,2023-06-24,5
Item918,DC,2023-08-12,13
Item918,DC,2023-09-02,27
Item919,DC,2023-07-01,22
Item919,DC,2023-07-22,18
Item919,DC,2023-09-23,20
Item919,DC,2023-10-07,46
Item919,DC,2023-10-28,49
Item919,DC,2023-11-11,25
Item920,DC,2023-07-01,90
Item920,DC,2023-07-22,19
Item920,DC,2023-09-23,13
Item920,DC,2023-10-07,8
Item920,DC,2023-10-28,3
Item920,DC,2023-11-11,29
Item921,DC,2023-07-01,15
Item921,DC,2023-08-12,7
Item921,DC,2023-09-02,17
Item922,DC,2023-07-22,3
Item922,DC,2023-09-23,2
Item922,DC,2023-10-07,4
Item922,DC,2023-10-28,2
Item922,DC,2023-11-11,3
Item923,DC,2023-07-01,18
Item923,DC,2023-08-12,13
Item923,DC,2023-09-02,26
Item924,DC,2023-09-23,1
Item924,DC,2023-10-07,4
Item924,DC,2023-10-28,9
Item924,DC,2023-11-11,2
Item925,DC,2023-08-12,2
Item925,DC,2023-09-02,3
Item926,DC,2023-07-01,3
Item926,DC,2023-10-07,1
Item926,DC,2023-10-28,8
Item926,DC,2023-11-11,3
Item927,DC,2023-08-12,2
Item927,DC,2023-09-02,3
Item928,DC,2023-07-22,2
Item928,DC,2023-09-23,1
Item1001,DC,2023-10-28,49
Item1002,DC,2023-07-01,60
Item1002,DC,2023-07-29,65
Item1002,DC,2023-08-05,31
Item1002,DC,2023-08-19,18
Item1002,DC,2023-10-14,16
Item1003,DC,2023-09-16,129
Item1003,DC,2023-10-28,49
Item1004,DC,2023-07-01,104
Item1004,DC,2023-07-29,112
Item1004,DC,2023-08-05,109
Item1004,DC,2023-08-19,118
Item1004,DC,2023-10-14,54
Item1005,DC,2023-09-16,8
Item1005,DC,2023-10-28,17
Item1006,DC,2023-07-01,94
Item1006,DC,2023-07-29,101
Item1006,DC,2023-08-05,71
Item1006,DC,2023-08-19,77
Item1006,DC,2023-10-14,36
Item1007,DC,2023-09-16,51
Item1007,DC,2023-10-28,35
Item928,DC,2023-10-07,4
Item928,DC,2023-10-28,8
Item928,DC,2023-11-11,1
Item929,DC,2023-07-01,1
Item930,DC,2023-07-22,1
Item930,DC,2023-09-23,1
Item930,DC,2023-10-07,5
Item930,DC,2023-10-28,1
Item930,DC,2023-11-11,1
Item931,DC,2023-08-19,3
Item932,DC,2023-07-01,3
Item932,DC,2023-07-01,3
Item932,DC,2023-11-18,1
Item933,DC,2023-08-19,1
Item934,DC,2023-07-01,19
Item934,DC,2023-07-01,18
Item934,DC,2023-07-22,11
Item934,DC,2023-09-16,25
Item934,DC,2023-10-28,25
Item934,DC,2023-11-18,15
Item935,DC,2023-08-05,13
Item935,DC,2023-08-19,29
Item935,DC,2023-09-30,16
Item936,DC,2023-07-01,5
Item936,DC,2023-07-01,4
Item936,DC,2023-10-28,1
Item936,DC,2023-11-18,1
Item937,DC,2023-08-05,41
Item937,DC,2023-08-19,74
Item937,DC,2023-09-30,82
Item938,DC,2023-07-01,96
Item938,DC,2023-07-01,89
Item938,DC,2023-07-22,29
Item938,DC,2023-09-16,65
Item938,DC,2023-10-28,32
Item938,DC,2023-11-18,42
Item939,DC,2023-08-05,9
Item939,DC,2023-08-19,18
Item940,DC,2023-07-01,107
Item940,DC,2023-07-01,99
Item940,DC,2023-07-22,59
Item940,DC,2023-09-16,111
Item455,DC,2023-05-13,1
Item461,DC,2023-05-13,3
Item465,DC,2023-05-13,1
Item467,DC,2023-05-13,1
Item4,DC,2023-06-24,15
Item4,DC,2023-06-10,29
Item4,DC,2023-06-24,3
Item4,DC,2023-07-29,30
Item4,DC,2023-08-19,29
Item5,DC,2023-06-10,8
Item5,DC,2023-09-09,17
Item5,DC,2023-10-21,11
Item6,DC,2023-06-24,1
Item7,DC,2023-06-10,84
Item7,DC,2023-09-09,78
Item7,DC,2023-09-30,87
Item7,DC,2023-10-21,67
Item8,DC,2023-06-24,122
Item8,DC,2023-06-10,24
Item8,DC,2023-06-24,3
Item8,DC,2023-07-29,60
Item8,DC,2023-08-19,60
Item9,DC,2023-06-10,25
Item9,DC,2023-10-21,8
Item10,DC,2023-06-24,21
Item10,DC,2023-06-10,100
Item10,DC,2023-06-24,10
Item10,DC,2023-07-29,135
Item10,DC,2023-08-19,110
Item11,DC,2023-06-10,76
Item11,DC,2023-09-09,101
Item11,DC,2023-09-30,111
Item11,DC,2023-10-21,113
Item12,DC,2023-06-24,1
Item12,DC,2023-06-10,53
Item12,DC,2023-06-24,6
Item12,DC,2023-07-29,27
Item12,DC,2023-08-19,32
Item13,DC,2023-06-10,103
Item13,DC,2023-09-09,104
Item13,DC,2023-09-30,116
Item13,DC,2023-10-21,122
Item14,DC,2023-06-24,149
Item14,DC,2023-06-10,96
Item14,DC,2023-06-24,9
Item14,DC,2023-07-29,105
Item14,DC,2023-08-19,103
Item15,DC,2023-06-10,53
Item15,DC,2023-09-09,35
Item15,DC,2023-09-30,13
Item15,DC,2023-10-21,15
Item16,DC,2023-06-24,19
Item16,DC,2023-06-10,90
Item16,DC,2023-06-24,9
Item16,DC,2023-07-29,85
Item16,DC,2023-08-19,77
Item17,DC,2023-06-10,74
Item17,DC,2023-09-09,76
Item17,DC,2023-09-30,85
Item17,DC,2023-10-21,69
Item18,DC,2023-06-24,1
Item18,DC,2023-06-10,65
Item18,DC,2023-06-24,7
Item18,DC,2023-07-29,21
Item18,DC,2023-08-19,28
Item19,DC,2023-06-10,32
Item19,DC,2023-09-09,45
Item19,DC,2023-09-30,49
Item19,DC,2023-10-21,57
Item20,DC,2023-06-10,52
Item20,DC,2023-09-09,42
Item20,DC,2023-09-30,33
Item20,DC,2023-10-21,17
Item21,DC,2023-06-10,9
Item21,DC,2023-06-24,1
Item21,DC,2023-07-29,17
Item21,DC,2023-08-19,24
Item22,DC,2023-09-30,2
Item22,DC,2023-10-21,9
Item23,DC,2023-06-24,35
Item23,DC,2023-06-10,15
Item23,DC,2023-06-24,2
Item23,DC,2023-07-29,23
Item23,DC,2023-08-19,30
Item24,DC,2023-09-09,4
Item24,DC,2023-09-30,3
Item24,DC,2023-10-21,8
Item25,DC,2023-07-29,3
Item25,DC,2023-08-19,3
Item26,DC,2023-06-10,2
Item26,DC,2023-09-09,6
Item26,DC,2023-09-30,5
Item26,DC,2023-10-21,9
Item27,DC,2023-06-10,2
Item27,DC,2023-07-29,4
Item27,DC,2023-08-19,3
Item28,DC,2023-09-09,1
Item28,DC,2023-09-30,1
Item28,DC,2023-10-21,1
Item29,DC,2023-07-29,2
Item30,DC,2023-06-10,3
Item30,DC,2023-09-09,3
Item30,DC,2023-09-30,3
Item30,DC,2023-10-21,5
Item32,DC,2023-06-10,14
Item34,DC,2023-06-10,1
Item34,DC,2023-06-10,38
Item34,DC,2023-09-23,32
Item35,DC,2023-07-08,1
Item36,DC,2023-06-10,1
Item37,DC,2023-07-08,100
Item38,DC,2023-06-10,111
Item38,DC,2023-06-10,16
Item38,DC,2023-09-23,59
Item39,DC,2023-07-08,20
Item40,DC,2023-05-15,1
Item40,DC,2023-05-15,1
Item40,DC,2023-06-10,4
Item40,DC,2023-06-10,44
Item40,DC,2023-09-23,115
Item41,DC,2023-05-15,1
Item41,DC,2023-07-08,62
Item42,DC,2023-06-10,1
Item42,DC,2023-06-10,38
Item42,DC,2023-09-23,30
Item43,DC,2023-05-15,1
Item43,DC,2023-05-15,1
Item43,DC,2023-07-08,140
Item44,DC,2023-06-10,136
Item44,DC,2023-09-23,106
Item45,DC,2023-07-08,50
Item46,DC,2023-06-10,3
Item46,DC,2023-06-10,78
Item46,DC,2023-09-23,73
Item47,DC,2023-05-15,1
Item47,DC,2023-07-08,31
Item48,DC,2023-06-10,1
Item48,DC,2023-06-10,45
Item48,DC,2023-09-23,31
Item49,DC,2023-05-15,1
Item49,DC,2023-07-08,19
Item50,DC,2023-05-15,1
Item50,DC,2023-07-08,50
Item53,DC,2023-06-10,29
Item53,DC,2023-09-23,6
Item54,DC,2023-07-08,4
Item55,DC,2023-09-23,2
Item56,DC,2023-07-08,10
Item57,DC,2023-09-23,6
Item58,DC,2023-07-08,1
Item59,DC,2023-09-23,1
Item60,DC,2023-07-08,3
Item435,DC,2023-05-13,1
Item940,DC,2023-10-28,137
Item940,DC,2023-11-18,75
Item941,DC,2023-08-05,50
Item941,DC,2023-08-19,104
Item941,DC,2023-09-30,108
Item942,DC,2023-07-01,62
Item942,DC,2023-07-01,58
Item942,DC,2023-07-22,16
Item942,DC,2023-09-16,33
Item942,DC,2023-10-28,9
Item942,DC,2023-11-18,22
Item943,DC,2023-08-05,52
Item943,DC,2023-08-19,105
Item943,DC,2023-09-30,118
Item944,DC,2023-07-01,110
Item944,DC,2023-07-01,103
Item944,DC,2023-07-22,50
Item944,DC,2023-09-16,108
Item944,DC,2023-10-28,138
Item944,DC,2023-11-18,75
Item945,DC,2023-08-05,17
Item945,DC,2023-08-19,37
Item945,DC,2023-09-30,33
Item946,DC,2023-07-01,95
Item946,DC,2023-07-01,89
Item946,DC,2023-07-22,39
Item946,DC,2023-09-16,69
Item946,DC,2023-10-28,57
Item946,DC,2023-11-18,49
Item947,DC,2023-08-05,39
Item947,DC,2023-08-19,71
Item947,DC,2023-09-30,80
Item948,DC,2023-07-01,62
Item948,DC,2023-07-01,58
Item948,DC,2023-07-22,12
Item948,DC,2023-09-16,21
Item948,DC,2023-10-28,8
Item948,DC,2023-11-18,18
Item949,DC,2023-08-05,17
Item949,DC,2023-08-19,36
Item949,DC,2023-09-30,44
Item950,DC,2023-08-05,20
Item950,DC,2023-08-19,43
Item950,DC,2023-09-30,10
Item951,DC,2023-07-01,21
Item951,DC,2023-07-01,19
Item951,DC,2023-07-22,6
Item951,DC,2023-09-16,18
Item951,DC,2023-10-28,15
Item951,DC,2023-11-18,11
Item952,DC,2023-08-05,1
Item952,DC,2023-08-19,3
Item953,DC,2023-07-01,19
Item953,DC,2023-07-01,17
Item953,DC,2023-07-22,11
Item953,DC,2023-09-16,26
Item953,DC,2023-10-28,44
Item953,DC,2023-11-18,20
Item954,DC,2023-08-19,3
Item954,DC,2023-09-30,4
Item955,DC,2023-07-22,1
Item955,DC,2023-09-16,3
Item955,DC,2023-10-28,3
Item955,DC,2023-11-18,2
Item956,DC,2023-09-30,4
Item957,DC,2023-07-22,2
Item957,DC,2023-09-16,3
Item957,DC,2023-10-28,3
Item901,DC,2023-07-22,2
Item901,DC,2023-09-23,1
Item901,DC,2023-10-28,2
Item901,DC,2023-11-11,1
Item902,DC,2023-07-01,2
Item903,DC,2023-07-22,1
Item903,DC,2023-10-07,1
Item903,DC,2023-10-28,1
Item904,DC,2023-07-01,19
Item904,DC,2023-08-12,10
Item904,DC,2023-09-02,20
Item905,DC,2023-07-01,61
Item905,DC,2023-07-22,14
Item905,DC,2023-09-23,11
Item905,DC,2023-10-07,7
Item905,DC,2023-10-28,2
Item905,DC,2023-11-11,18
Item906,DC,2023-07-01,5
Item907,DC,2023-07-01,91
Item907,DC,2023-07-22,52
Item907,DC,2023-09-23,39
Item907,DC,2023-10-07,86
Item907,DC,2023-10-28,18
Item907,DC,2023-11-11,51
Item908,DC,2023-07-01,88
Item908,DC,2023-08-12,31
Item908,DC,2023-09-02,60
Item909,DC,2023-07-01,60
Item909,DC,2023-07-22,9
Item909,DC,2023-09-23,1
Item909,DC,2023-10-28,1
Item909,DC,2023-11-11,12
Item910,DC,2023-07-01,105
Item910,DC,2023-08-12,57
Item910,DC,2023-09-02,112
Item911,DC,2023-07-01,107
Item911,DC,2023-07-22,44
Item911,DC,2023-09-23,53
Item911,DC,2023-10-07,118
Item911,DC,2023-10-28,58
Item911,DC,2023-11-11,70
Item912,DC,2023-07-01,59
Item912,DC,2023-08-12,15
Item912,DC,2023-09-02,31
Item913,DC,2023-07-01,101
Item913,DC,2023-07-22,63
Item913,DC,2023-09-23,56
Item913,DC,2023-10-07,123
Item913,DC,2023-10-28,71
Item913,DC,2023-11-11,72
Item914,DC,2023-07-01,101
Item914,DC,2023-08-12,56
Item914,DC,2023-09-02,113
Item915,DC,2023-07-01,63
Item915,DC,2023-07-22,16
Item915,DC,2023-09-23,20
Item915,DC,2023-10-07,22
Item915,DC,2023-10-28,1
Item915,DC,2023-11-11,25
Item916,DC,2023-07-01,88
Item916,DC,2023-08-12,36
Item916,DC,2023-09-02,71
Item917,DC,2023-07-01,101
Item917,DC,2023-07-22,33
Item917,DC,2023-09-23,38
Item917,DC,2023-10-07,83
Item917,DC,2023-10-28,17
Item917,DC,2023-11-11,51
Item918,DC,2023-07-01,57
Item957,DC,2023-11-18,2
Item958,DC,2023-08-05,2
Item958,DC,2023-08-19,1
Item958,DC,2023-09-30,4
Item959,DC,2023-07-01,4
Item959,DC,2023-07-01,3
Item959,DC,2023-10-28,9
Item959,DC,2023-11-18,1
Item960,DC,2023-08-19,1
Item960,DC,2023-09-30,4
Item931,DC,2023-07-22,1
Item931,DC,2023-09-16,3
Item931,DC,2023-10-28,2
Item931,DC,2023-11-18,1
Item933,DC,2023-07-22,1
Item933,DC,2023-09-16,1
Item933,DC,2023-10-28,2
Item934,DC,2023-08-05,12
Item934,DC,2023-08-19,25
Item934,DC,2023-09-30,24
Item935,DC,2023-07-01,62
Item935,DC,2023-07-01,58
Item935,DC,2023-07-22,13
Item935,DC,2023-09-16,29
Item935,DC,2023-10-28,9
Item935,DC,2023-11-18,19
Item937,DC,2023-07-01,91
Item937,DC,2023-07-01,84
Item937,DC,2023-07-22,51
Item937,DC,2023-09-16,74
Item937,DC,2023-10-28,56
Item937,DC,2023-11-18,51
Item938,DC,2023-08-05,29
Item938,DC,2023-08-19,61
Item938,DC,2023-09-30,68
Item939,DC,2023-07-01,58
Item939,DC,2023-07-01,53
Item939,DC,2023-07-22,9
Item939,DC,2023-09-16,1
Item939,DC,2023-10-28,5
Item939,DC,2023-11-18,13
Item940,DC,2023-08-05,58
Item940,DC,2023-08-19,105
Item940,DC,2023-09-30,125
Item941,DC,2023-07-01,106
Item941,DC,2023-07-01,98
Item941,DC,2023-07-22,46
Item941,DC,2023-09-16,104
Item941,DC,2023-10-28,124
Item941,DC,2023-11-18,70
Item942,DC,2023-08-05,16
Item942,DC,2023-08-19,31
Item942,DC,2023-09-30,20
Item943,DC,2023-07-01,103
Item943,DC,2023-07-01,96
Item943,DC,2023-07-22,53
Item943,DC,2023-09-16,106
Item943,DC,2023-10-28,130
Item943,DC,2023-11-18,72
Item944,DC,2023-08-05,55
Item944,DC,2023-08-19,107
Item944,DC,2023-09-30,122
Item945,DC,2023-07-01,63
Item945,DC,2023-07-01,59
Item945,DC,2023-07-22,16
Item945,DC,2023-09-16,36
Item945,DC,2023-10-28,11
Item945,DC,2023-11-18,25
Item946,DC,2023-08-05,35
Item946,DC,2023-08-19,69
Item946,DC,2023-09-30,81
Item947,DC,2023-07-01,99
Item947,DC,2023-07-01,92
Item947,DC,2023-07-22,34
Item947,DC,2023-09-16,75
Item947,DC,2023-10-28,52
Item947,DC,2023-11-18,51
Item948,DC,2023-08-05,11
Item948,DC,2023-08-19,26
Item949,DC,2023-07-01,20
Item949,DC,2023-07-01,19
Item949,DC,2023-07-22,15
Item949,DC,2023-09-16,39
Item949,DC,2023-10-28,69
Item949,DC,2023-11-18,25
Item950,DC,2023-07-01,91
Item950,DC,2023-07-01,85
Item950,DC,2023-07-22,19
Item950,DC,2023-09-16,42
Item950,DC,2023-10-28,14
Item950,DC,2023-11-18,29
Item951,DC,2023-08-05,7
Item951,DC,2023-08-19,16
Item951,DC,2023-09-30,20
Item952,DC,2023-07-22,2
Item952,DC,2023-09-16,3
Item952,DC,2023-10-28,9
Item952,DC,2023-11-18,3
Item953,DC,2023-08-05,11
Item953,DC,2023-08-19,25
Item953,DC,2023-09-30,27
Item954,DC,2023-07-22,2
Item954,DC,2023-09-16,3
Item954,DC,2023-10-28,8
Item954,DC,2023-11-18,2
Item955,DC,2023-08-05,3
Item955,DC,2023-08-19,3
Item956,DC,2023-07-01,4
Item956,DC,2023-07-01,3
Item956,DC,2023-09-16,1
Item956,DC,2023-10-28,10
Item956,DC,2023-11-18,3
Item957,DC,2023-08-05,2
Item957,DC,2023-08-19,3
Item957,DC,2023-09-30,4
Item958,DC,2023-07-22,2
Item958,DC,2023-09-16,1
Item958,DC,2023-10-28,8
Item958,DC,2023-11-18,1
Item959,DC,2023-09-30,2
Item77,DC,2023-05-15,1
Item78,DC,2023-05-15,1
Item81,DC,2023-05-15,1
Item1,DC,2023-09-09,3
Item1,DC,2023-09-30,4
Item1,DC,2023-10-21,2
Item2,DC,2023-06-24,18
Item3,DC,2023-10-21,1
Item607,DC,2023-06-03,19
Item608,DC,2023-06-17,18
Item610,DC,2023-06-17,9
Item611,DC,2023-06-03,33
Item613,DC,2023-06-03,25
Item614,DC,2023-06-17,20
Item616,DC,2023-06-17,6
Item617,DC,2023-06-03,24
Item619,DC,2023-06-03,10
Item620,DC,2023-06-03,14
Item622,DC,2023-06-03,6
Item623,DC,2023-06-17,4
Item626,DC,2023-06-03,6
Item628,DC,2023-06-03,2
Item631,DC,2023-06-03,3
Item634,DC,2023-06-17,4
Item635,DC,2023-06-03,8
Item637,DC,2023-06-03,19
Item638,DC,2023-06-17,43
Item639,DC,2023-06-03,7
Item641,DC,2023-06-03,33
Item642,DC,2023-06-17,7
Item643,DC,2023-06-03,25
Item644,DC,2023-06-17,54
Item645,DC,2023-06-03,14
Item646,DC,2023-06-17,3
Item647,DC,2023-06-03,25
Item648,DC,2023-06-17,10
Item649,DC,2023-06-03,10
Item650,DC,2023-06-03,14
Item651,DC,2023-06-17,4
Item652,DC,2023-06-03,6
